자치구,행정동,전체장애인비율,1급장애인비율,2급장애인비율,3급장애인비율,4급장애인비율,5급장애인비율,6급장애인비율
강남구,개포1동,0.019649690903738592,0.001251103915219311,0.0027229908743008537,0.003606123049749779,0.002870179570209008,0.004562849573152782,0.004636443921106859
강남구,개포2동,0.022547425474254743,0.002023486901535682,0.0024570912375790426,0.0033242999096657635,0.003179765130984643,0.005564588979223126,0.005998193315266486
강남구,개포4동,0.028646191984575128,0.0025340862140201073,0.004021484643988432,0.005013083597300647,0.003580773998071891,0.005729238396915025,0.007767525134279025
강남구,논현1동,0.026992942009425404,0.001902781158041463,0.004159568112927849,0.0033188043454211564,0.0034515565192380026,0.006062349270969312,0.008097882602827622
강남구,논현2동,0.024439823360358888,0.002056122806607631,0.0036449449753498914,0.003458024720203743,0.002570153508259539,0.005654337718170985,0.007056239631767098
강남구,대치1동,0.01093812375249501,0.0011976047904191617,0.0018363273453093811,0.0015968063872255488,0.0009580838323353293,0.0026746506986027943,0.0026746506986027943
강남구,대치2동,0.01595479888490641,0.0018916766228594185,0.0021405814416567107,0.0025139386698526485,0.0018418956590999602,0.003882915173237754,0.0036837913181999205
강남구,대치4동,0.018196047740168263,0.0014674232048522795,0.0027391899823909216,0.0027391899823909216,0.0025924476619056938,0.004059870866757973,0.004597926041870475
강남구,도곡1동,0.019696494919199607,0.002148708536639957,0.003044003760239939,0.0027754151931599445,0.002551591387259949,0.004700299923899906,0.00447647611799991
강남구,도곡2동,0.014034984910193678,0.0012892261712912773,0.001582232119312022,0.00196313985173899,0.0018166368777286178,0.004160684461894577,0.003223065428228193
강남구,삼성1동,0.020130989314029644,0.002412961047914512,0.002826611513271286,0.00317132023440193,0.003240261978628059,0.0042054463977938645,0.0042743881420199935
강남구,삼성2동,0.019150951519848445,0.00161887539826057,0.002652200120554551,0.0028933092224231465,0.0027210884353741495,0.004098854731766124,0.005166623611469905
강남구,세곡동,0.044413663680436095,0.005406492258886084,0.007417171198141239,0.008065056634123456,0.006121400326176806,0.008065056634123456,0.009338486628985053
강남구,수서동,0.13336605116250536,0.0185264707686645,0.02889393288755291,0.03502852585730937,0.014661677197717932,0.017974357401386417,0.01828108704987424
강남구,신사동,0.023682755811585347,0.0022693549794885223,0.003782258299147537,0.0029094294608827207,0.0038404468883651917,0.005411538797241861,0.005469727386459515
강남구,압구정동,0.017661916262605777,0.0017698788739145665,0.0023229660220128686,0.0022860935454729818,0.002581073357792076,0.004645932044025737,0.004055972419387548
강남구,역삼1동,0.022630958102145136,0.0019514468376367106,0.003087363653574497,0.0031747418701850963,0.002504842209503837,0.005388323357653603,0.00652424017359139
강남구,역삼2동,0.018690005646527386,0.0014680971202710334,0.00282326369282891,0.0024280067758328627,0.0020609824957651046,0.004658385093167702,0.005251270468661773
강남구,일원1동,0.06541384882398707,0.008797653958944282,0.013465796875935125,0.013465796875935125,0.008318870070022143,0.010652941528517566,0.010712789514632833
강남구,일원2동,0.07201620825147348,0.01019155206286837,0.015164538310412574,0.014857563850687623,0.009638998035363458,0.011787819253438114,0.01037573673870334
강남구,일원본동,0.029249716415491817,0.0047804245665208234,0.005185545292497164,0.007737805866148112,0.0027143088640414845,0.004537352130935019,0.004294279695349214
강남구,청담동,0.01946430109379037,0.0017225045215743691,0.0029282576866764276,0.0029282576866764276,0.002445956420635604,0.004754112479545259,0.004685212298682284
강동구,강일동,0.04525133738463637,0.005667783048176156,0.0055768560474032764,0.006910452058738843,0.006092109051782927,0.009850425083728614,0.011153712094806553
강동구,고덕1동,0.02842382011729882,0.0036035373499292162,0.003750620507069184,0.004449265503484032,0.003787391296354176,0.005184681289183872,0.007648324171278337
강동구,고덕2동,0.0729559748427673,0.017212843429328037,0.007944389275074478,0.013373055279708706,0.009136047666335651,0.012313803376365442,0.012975835815954982
강동구,길동,0.04111738857501569,0.003536304666248169,0.005084745762711864,0.006172839506172839,0.005649717514124294,0.00937434609750994,0.011299435028248588
강동구,둔촌1동,0.007782101167315175,0.0011117287381878821,0.0011117287381878821,0.0022234574763757642,0.0011117287381878821,0.0022234574763757642,0.0
강동구,둔촌2동,0.03399715504978663,0.00302275960170697,0.004623044096728307,0.004800853485064011,0.004800853485064011,0.007645803698435277,0.009103840682788052
강동구,명일1동,0.035231332820767944,0.003346750486183348,0.005743747456017367,0.005562842024331781,0.004522635792139659,0.007145764551580661,0.008909592510515128
강동구,명일2동,0.026125547771233985,0.0026237195411281996,0.0031261339213442376,0.00474502470204036,0.0037960197616322884,0.005303262902280403,0.006531386942808496
강동구,상일동,0.04804596562484521,0.009113873891723216,0.005745703105651592,0.006736341572143247,0.006637277725494081,0.009807320818267374,0.010005448511565705
강동구,성내1동,0.03145124333711199,0.0023154289573333975,0.004437905501555679,0.004582619811389016,0.004534381708111237,0.006608620149055739,0.008972287209666916
강동구,성내2동,0.045266242295645145,0.002707891280185915,0.00541578256037183,0.006911185207638678,0.006709103768818834,0.01188238860260685,0.011639890876023037
강동구,성내3동,0.03687023864640768,0.0029462519466307503,0.004293109979376236,0.005471610758028537,0.005892503893261501,0.008459952018182584,0.00980681005092807
강동구,암사1동,0.04475219248023063,0.0034756368633050883,0.005684956419824602,0.007570960919292479,0.006304643612506904,0.010184424297126538,0.011531570368175021
강동구,암사2동,0.032881216605014384,0.0030141115221263186,0.004658172352377038,0.005206192629127277,0.004658172352377038,0.007261268666940677,0.008083299082066037
강동구,암사3동,0.029661242998132834,0.0034142437983462255,0.004054414510536143,0.0036276340357428646,0.0036809815950920245,0.0070418778340890905,0.007842091224326487
강동구,천호1동,0.049331030753397176,0.0034538699042336073,0.006663526784935545,0.009349870043783907,0.00655886406056483,0.01085003575976416,0.012454864200115129
강동구,천호2동,0.05141775861823666,0.003699119325052997,0.006060864740279141,0.008650248267816239,0.006971417189522956,0.012349367592869236,0.013686741502696088
강동구,천호3동,0.04884642785378952,0.003689969493816561,0.005808961876404289,0.008512503881774838,0.006685786310578521,0.010521893210090788,0.013627313081124528
강북구,미아동,0.05254486351694349,0.004052188627154117,0.00618960680411453,0.007703611346128156,0.008371554526428284,0.011889388609342298,0.014338513603776106
강북구,번1동,0.05074580160634192,0.0030249295921560447,0.005215395848544905,0.00876186502555544,0.006988630437050172,0.0109523312819443,0.01580264942109106
강북구,번2동,0.07881858483505096,0.007196729805976164,0.013587425873682998,0.013184409004548333,0.011975358397144338,0.015372214865565087,0.017502446888134033
강북구,번3동,0.10702926208651399,0.01272264631043257,0.01993214588634436,0.02427905004240882,0.01436598812553011,0.01722858354537744,0.018500848176420694
강북구,삼각산동,0.038317531251887194,0.003261066489522314,0.005555891056223202,0.006129597197898424,0.005586086116311372,0.007971495863276768,0.009813394528655112
강북구,삼양동,0.052490428542364104,0.0036991140621821074,0.005474688812029519,0.0076571661087169625,0.0082490243586661,0.012466014389553703,0.014944420811215714
강북구,송중동,0.048732060749616835,0.0033091821095165112,0.005573359342343598,0.007106033161488087,0.008081371046398217,0.011564720635362964,0.013097394454507454
강북구,송천동,0.05466237942122187,0.002865930378862016,0.007304627429050748,0.007549280022368237,0.0090521459527471,0.012617083741087656,0.01527331189710611
강북구,수유1동,0.05896432681242808,0.008009205983889529,0.006858457997698504,0.00851553509781358,0.008699654775604143,0.011691599539700805,0.015189873417721518
강북구,수유2동,0.05035319688462235,0.003848940409346133,0.0069280927368230395,0.008829922115558775,0.00806013403368955,0.010777033146169172,0.011909074443035681
강북구,수유3동,0.04709609744610708,0.003082653651017918,0.005908419497784343,0.007235673153083724,0.006978785348832231,0.009890180463682487,0.014000385331706377
강북구,우이동,0.049100837962527066,0.003907353356557763,0.005931644854533472,0.007391017794934563,0.00790885980604463,0.011015911872705019,0.012946050277751624
강북구,인수동,0.055454236345089794,0.004667552780439553,0.0073877159902321415,0.008438688139470187,0.008284133411641062,0.01196253593397422,0.014713610089332634
강서구,가양1동,0.025185504479817728,0.002894177776409372,0.003910218910680748,0.002924966901690323,0.0027094430247236677,0.005295729548323532,0.007450968317990086
강서구,가양2동,0.15643168027448615,0.019315690821869937,0.03437430504813038,0.04206245830288782,0.019315690821869937,0.02134892143469835,0.020014613845029703
강서구,가양3동,0.10226402377378144,0.009926166477742717,0.016788701326552496,0.022609601421525075,0.01764651818265372,0.016421065531080543,0.018871970834226894
강서구,공항동,0.04027166810844637,0.0029081003478676998,0.004895915775524102,0.007067788187222764,0.006147503267011467,0.00890835802764536,0.010344002503174982
강서구,등촌1동,0.03175084466776401,0.0025556614398336655,0.0037685177163648965,0.004591527332582518,0.005241271766438534,0.006540760634150568,0.009053105778393833
강서구,등촌2동,0.03304840700278831,0.002331215431731956,0.004388170224436623,0.004753851076473008,0.005302372354527586,0.007176486721214061,0.009096311194405083
강서구,등촌3동,0.11720522180660087,0.013460122883711147,0.024396472726726456,0.028182132287770216,0.015623356918593297,0.017215737527603768,0.018327399462195984
강서구,발산1동,0.037980414731640426,0.004217171390502309,0.005226187858168506,0.005950609937518596,0.005640143332082843,0.007994515089970636,0.00895178712339754
강서구,방화1동,0.03906437862061427,0.003322767515575473,0.005465078150617554,0.005902284402666958,0.005683681276642256,0.00913761066783255,0.009552956607279483
강서구,방화2동,0.06798365696474454,0.006992123330946464,0.01120424581946843,0.012636367465565899,0.009056063350322227,0.01246788256602502,0.015626974432416493
강서구,방화3동,0.08085751845484883,0.007563959955506118,0.015613307715643645,0.01678632824350288,0.012053797148346647,0.01326726665992517,0.01557285873192436
강서구,염창동,0.026429215398105495,0.002470020130664065,0.003383927579009769,0.0034827283842363316,0.003952032209062504,0.006125649924046881,0.007014857171085944
강서구,우장산동,0.02827982603754617,0.0022947308608518915,0.003693423956990187,0.003911969753261796,0.004196079288414888,0.0062504097733680096,0.007933212404659397
강서구,화곡1동,0.040002650435902044,0.002612572532018212,0.0040513805931296915,0.006342114479899284,0.006342114479899284,0.008765370161771249,0.011889098189184329
강서구,화곡2동,0.03973813587385689,0.00219069210586647,0.005400310772601065,0.006215452021295565,0.005094632804340627,0.00876276842346588,0.012074279746287286
강서구,화곡3동,0.0375022349365278,0.0031289111389236545,0.0045145717861612734,0.005453245127838369,0.005721437511174683,0.009073842302878598,0.009610227069551225
강서구,화곡4동,0.04278890359041062,0.002556569711376735,0.0048888789217555115,0.008656455338521227,0.006817519230337961,0.008791011639120001,0.011078468749299186
강서구,화곡6동,0.04004422061171846,0.0044630061826966385,0.005445686443106907,0.006510256725218032,0.006100806616713753,0.007656717029030012,0.009867747614953118
강서구,화곡8동,0.04120826465289225,0.002108329819450301,0.004906658488902519,0.00701498830835282,0.0067466554222409625,0.008394986008356652,0.01203664660558899
강서구,화곡본동,0.04038901441261911,0.0028067417937886804,0.005725753259328908,0.007269461245912682,0.005417011662012153,0.007886944440546191,0.011283102011030496
관악구,낙성대동,0.028375996893575076,0.002747991278114639,0.003166163863914693,0.005555721497057857,0.00334538068640043,0.006929717136115177,0.006631022431972281
관악구,난곡동,0.055145590609969965,0.0032990120327123086,0.007118920702168666,0.00982758321323772,0.008785789939749622,0.01198062264511312,0.014133662076988523
관악구,난향동,0.04352890687266262,0.004046349089571455,0.005211207160811722,0.007173073386058488,0.006682606829746796,0.009686714487155907,0.010728955919318252
관악구,남현동,0.030559079988121914,0.00205166968118133,0.004697243743757255,0.0052911481251518505,0.004697243743757255,0.0073428178063331805,0.006478956887941041
관악구,대학동,0.03084998816771723,0.0019361917260073576,0.003915409934814878,0.005378310350020438,0.0043026482800163504,0.006066734074823054,0.009250693802035153
관악구,미성동,0.04340304593617744,0.003552562478761855,0.005313397794322079,0.006703530938185413,0.006178369528281487,0.009700040159401934,0.011955145037224677
관악구,보라매동,0.04450156639087477,0.0035745843039601574,0.0065065467105791626,0.007631135030926179,0.006466382841995341,0.008595067876937907,0.011727849626476022
관악구,삼성동,0.059135415457254537,0.004141027129532877,0.008165950694686328,0.01079763148728666,0.009133480397848214,0.012268276636092729,0.014629049111807733
관악구,서림동,0.03634766605320395,0.0019240421616195415,0.004391835368914171,0.006525012548101054,0.005061067425129664,0.008156265685126318,0.0102894428643132
관악구,서원동,0.0375293544242102,0.0026142053258894943,0.004297930790021711,0.0063804333377641895,0.0054942620408524965,0.007443838894058221,0.011298684035624087
관악구,성현동,0.046766947268350276,0.0033120198721192325,0.006041369581550823,0.008862719842985724,0.006777373997577319,0.009537390557676679,0.012236073416440498
관악구,신림동,0.02634526418310202,0.0019478938397857316,0.0038957876795714633,0.0035549062576089602,0.004236669101533966,0.0047236425614804,0.0079863647431215
관악구,신사동,0.039829929724847446,0.003040116317493887,0.004846562245280109,0.006653008173066331,0.0058158746943361315,0.00722578371114489,0.012248584583526094
관악구,신원동,0.045270067823386814,0.0029417372592814533,0.005774521286737668,0.008008062539155068,0.00773567945959197,0.009642361016533653,0.011167706262087
관악구,은천동,0.04945054945054945,0.0037972498705483,0.006530119095564122,0.008773948564524481,0.007105459985041137,0.010327368966112421,0.01291640296875899
관악구,인헌동,0.033609997202275484,0.0018651496782616805,0.003991420311479996,0.006043084957567845,0.004886692157045603,0.007684416674438124,0.009139233423482234
관악구,조원동,0.04234996259853847,0.002646872662408654,0.005754071005236204,0.006674722366073998,0.006099315265550377,0.00926405431843029,0.011910926980838944
관악구,중앙동,0.040196606517640725,0.0027605709668731483,0.004847831941826017,0.005184486937786156,0.005790465930514408,0.010907621869108538,0.010705628871532454
관악구,청룡동,0.03313843662858685,0.0021948367365296393,0.004245749752631106,0.0056130250966987495,0.004317711612845192,0.007879823693442475,0.008887289736439687
관악구,청림동,0.04183739486737115,0.0038202039495979544,0.005853538309867833,0.006531316429957793,0.006469700237222342,0.009180812717582181,0.009981823223143041
관악구,행운동,0.03728312403351063,0.0025489829558006357,0.005233911669243972,0.006967220079188404,0.0060155997756894996,0.007375057352116505,0.009142352201471613
광진구,광장동,0.020356730113201243,0.002060736016931453,0.0026176916971831967,0.003258190729472702,0.0033974296495356384,0.003982233113799969,0.005040448906278283
광진구,구의1동,0.03740793964433267,0.002469911981318484,0.004939823962636968,0.006062511226872643,0.005433806358900665,0.007858810849649721,0.010643075264954194
광진구,구의2동,0.043187719566213534,0.0027493508477165114,0.005956926836719108,0.006644264548648236,0.0070261188330533065,0.009660913395448298,0.011150145104628074
광진구,구의3동,0.027426195705017517,0.0026487401720004695,0.0029504953814688773,0.00419104457595011,0.004123987862734908,0.0064709728252669695,0.007040954887596184
광진구,군자동,0.040075077360117686,0.002485669355247806,0.0060366255770303865,0.0065946329833105055,0.0055293461167757315,0.009739765636889362,0.009689037690863897
광진구,능동,0.03223959480290685,0.002202158114952654,0.003787711957718564,0.0063422153710636425,0.004228143580709095,0.006958819643250385,0.008720546135212509
광진구,자양1동,0.03943514187032746,0.002360862151882132,0.004809163642722861,0.006995147116687798,0.0062519127355397195,0.008787653565339046,0.010230402658155904
광진구,자양2동,0.03641660597232338,0.003212131398584421,0.004743496367676994,0.006349562066969205,0.005303751844174277,0.00780622630586214,0.009001437989056343
광진구,자양3동,0.029211590296495955,0.0026954177897574125,0.003706199460916442,0.003908355795148248,0.004851752021563342,0.006974393530997305,0.007075471698113208
광진구,자양4동,0.04670453974159167,0.0023126036901111057,0.005530139258961339,0.007289729023176311,0.008898496807601427,0.010557538585289829,0.012116032376451662
광진구,중곡1동,0.0437611635621332,0.0026792549119673387,0.006187803010972187,0.007973972952283746,0.005805052309262567,0.010334268946159735,0.010780811431487625
광진구,중곡2동,0.03999185686172499,0.002759619082087358,0.004614445022506729,0.006514510620009501,0.005971634735008708,0.009500327987513855,0.010631319414598838
광진구,중곡3동,0.04463642908567315,0.0020734341252699783,0.005817134629229661,0.009215262778977681,0.006853851691864651,0.00898488120950324,0.011691864650827933
광진구,중곡4동,0.0448982926231517,0.0032350298178253412,0.005162976880973776,0.00807123601012989,0.006306674291316069,0.009410995833673719,0.012711379789232907
광진구,화양동,0.026148460384368077,0.0019527994093972518,0.002810125979376533,0.004000857326569979,0.004334262103784144,0.00576313972041628,0.007287275844823891
구로구,가리봉동,0.06169965075669383,0.003069107842099693,0.008783998306699122,0.010265636575298973,0.010265636575298973,0.012911419197798708,0.01640385225949836
구로구,개봉1동,0.04857428789078254,0.0036146917803103855,0.006841028245380812,0.007408624475346906,0.006542293387503921,0.010276479110965063,0.013891170891275449
구로구,개봉2동,0.043183424301201374,0.0030072022493872826,0.0055332521388726,0.006585772926158149,0.006104620566256183,0.010916144165275836,0.011036432255251328
구로구,개봉3동,0.04540921635473921,0.003757044458359424,0.005194925670817969,0.006540040353440479,0.006725573413112549,0.010900067255734131,0.012291565203274658
구로구,고척1동,0.04623894263636552,0.003438917776718941,0.005013362060036047,0.006504940854757515,0.008203683370968076,0.01097967723892192,0.012098361334963021
구로구,고척2동,0.04478820347625364,0.0029973643864877435,0.006304800950888013,0.007235017484625588,0.006477063271950526,0.00947442765843827,0.012299529723863499
구로구,구로1동,0.024547563805104408,0.0017169373549883991,0.0029234338747099768,0.0036194895591647332,0.003805104408352668,0.0055220417633410675,0.0069605568445475635
구로구,구로2동,0.05597072419106317,0.003428351309707242,0.00689522342064715,0.00901386748844376,0.00928351309707242,0.011825885978428352,0.015523882896764252
구로구,구로3동,0.036213036693209556,0.0025609219318954825,0.0032411668200552197,0.005602016726021368,0.006442319234924573,0.008322996278660318,0.010043615701652594
구로구,구로4동,0.05508965389426864,0.003984617523050549,0.005930593522679887,0.009729879998146689,0.009590881712458879,0.010980864569336979,0.014872816568595654
구로구,구로5동,0.03642903103397073,0.0028377687218491695,0.004322647704212107,0.005345564336506575,0.0055105508901024565,0.007787365329725627,0.010625134051574796
구로구,수궁동,0.049521149241819634,0.005227454110135674,0.00650438946528332,0.008260175578611332,0.00782122905027933,0.009776536312849162,0.011931364724660814
구로구,신도림동,0.025477192935257797,0.002475081045452711,0.002824820758397116,0.003739524623020944,0.0030400451971321343,0.006295314832999287,0.007102406478255606
구로구,오류1동,0.050855074863400906,0.0037845637107647183,0.005676845566147078,0.008420654256451499,0.007805662653452232,0.009887172694372826,0.015280175982212551
구로구,오류2동,0.04783987182524907,0.005325570637150368,0.006183077773640682,0.007785262160241005,0.006634397319161899,0.010538311387920432,0.011373252547134685
금천구,가산동,0.037128147903933456,0.002130303568258477,0.004311328650046917,0.006695239785955213,0.005477923461236083,0.008369049732444017,0.010144302705992746
금천구,독산1동,0.051061799093295154,0.004321429518279912,0.008536811686417985,0.010233569288687398,0.00697261327182587,0.009093560274662637,0.011903815053421352
금천구,독산2동,0.04756939272059189,0.0027310194150652963,0.0057599682208649885,0.008143403346740156,0.006703411291523909,0.010973732558716918,0.01325785788768062
금천구,독산3동,0.04770671259180078,0.0028109349327949005,0.0060573668270087295,0.00688877011699032,0.0077993546726844425,0.01013520201120415,0.014015084031118237
금천구,독산4동,0.04842732858794184,0.002129342337409503,0.006935572184705238,0.008517369349638012,0.0066922187747155805,0.009429944637099227,0.014722881304374278
금천구,시흥1동,0.048606042913443295,0.003211210042329587,0.0058677565318931545,0.007093854911691724,0.006947890818858561,0.011793898700919573,0.013691431907750693
금천구,시흥2동,0.048982962447844225,0.003998609179415856,0.006389082058414464,0.007432197496522948,0.008996870653685674,0.009909596662030598,0.012256606397774686
금천구,시흥3동,0.04679121259297699,0.0027676872513405985,0.006486766995329528,0.007697630167791039,0.006746237675142709,0.010551807645736032,0.012541082857637087
금천구,시흥4동,0.04888797080493011,0.0030755812619064015,0.005278982762973674,0.007666001055796553,0.0071610548784686355,0.01092519910945856,0.014781151736326287
금천구,시흥5동,0.057451151939340916,0.0030621172353455816,0.006901915038397978,0.010109847380188587,0.009818217167298532,0.01244288908330903,0.015116166034801206
노원구,공릉1동,0.0577082041744162,0.00563132878693945,0.009015292415788386,0.01046187228766274,0.007801198594750982,0.011314321140731555,0.013484190948543088
노원구,공릉2동,0.03311631094576072,0.002643430585470922,0.004112003132954768,0.004650479733698845,0.005311337380066576,0.0071225768552966515,0.009276483258272959
노원구,상계10동,0.030368125239090132,0.0030603537062648973,0.004413971691728217,0.005061354206515023,0.004531677603507636,0.0063561192360886325,0.006944648794985728
노원구,상계1동,0.04605554190218727,0.00577537478495945,0.005677070533300565,0.0069796018677807815,0.006414352420742197,0.009068567215532071,0.012140575079872205
노원구,상계2동,0.042464437205596305,0.0037964894190433782,0.005858779967659535,0.007874200276534415,0.005858779967659535,0.008764734831618664,0.010311452743080781
노원구,상계3.4동,0.0599750576319867,0.0036657722686217454,0.008351914137787688,0.010090321605381505,0.008843203204716375,0.013604928007255962,0.015418918408223422
노원구,상계5동,0.05025279607783055,0.0030258924467596138,0.005975180021449364,0.008579745671824728,0.0071242531024973185,0.011950360042898728,0.013597364792400797
노원구,상계6.7동,0.03611040195160695,0.0038294613224406433,0.004737185487759907,0.005616543272912944,0.005020849289422177,0.007744021785379968,0.009162340793691317
노원구,상계8동,0.02878516832005204,0.0021548219222637826,0.0035371605139046997,0.004675557001138396,0.005000813140348024,0.0055293543665636685,0.007887461375833469
노원구,상계9동,0.033680726394417854,0.0035335689045936395,0.004472872031131189,0.005277988996734803,0.0034888401842823277,0.008319541977904013,0.008587914299771883
노원구,월계1동,0.04525681959414576,0.0035571174491610775,0.006171384490110785,0.006728523367690231,0.006814237041163991,0.010242783980114427,0.011742773265905244
노원구,월계2동,0.0865047995482778,0.007829851308112177,0.016676077545642765,0.01987577639751553,0.011180124223602485,0.014906832298136646,0.01603613777526821
노원구,월계3동,0.060352932110657315,0.00653463820605687,0.009925252369576944,0.01177467827695153,0.008569006704168915,0.010171842490560221,0.013377514063342838
노원구,중계1동,0.027474661863898013,0.0025779567044531553,0.003990535720591871,0.004484938376240421,0.004131793622205742,0.005261856835116714,0.007027580605290108
노원구,중계2.3동,0.08582781456953642,0.012211920529801324,0.01737748344370861,0.017536423841059603,0.011205298013245032,0.012556291390728476,0.014940397350993378
노원구,중계4동,0.07167731371508959,0.0062267936625077834,0.012684209312515855,0.015590046355019488,0.010331865040012916,0.013837319250017297,0.01300708009501626
노원구,중계본동,0.032866389360392455,0.00402902389435004,0.00402902389435004,0.0054093376359329245,0.003544048795956054,0.007983436235101005,0.007871518904702394
노원구,하계1동,0.0726916869827971,0.011502935823919239,0.01339147752635374,0.016035435909762044,0.009202348659135391,0.010781856264807883,0.011777632798818802
노원구,하계2동,0.04177392687469915,0.005022917059082062,0.007073941524873904,0.007659948515100145,0.005315920554195182,0.007325087377828007,0.009376111843619849
도봉구,도봉1동,0.06563131818080828,0.005909929125286054,0.008931547023928548,0.011864293807905086,0.010131307071918949,0.013775022773223133,0.015019218378546513
도봉구,도봉2동,0.051978467561521254,0.0045092281879194635,0.006152125279642058,0.007899888143176733,0.007200782997762864,0.011325503355704697,0.014890939597315436
도봉구,방학1동,0.048244518803376116,0.003629159799563835,0.006059698013950623,0.007757745259618106,0.007291614643160365,0.011287019927083853,0.012219281159999333
도봉구,방학2동,0.05768781263148053,0.0048618577906596235,0.007526529849001917,0.010050956009536722,0.007947267542424384,0.012341639007059044,0.014959562432798841
도봉구,방학3동,0.03457719958918179,0.002909962341663814,0.004347826086956522,0.005546045874700445,0.004553235193426908,0.007155083875385142,0.010065046217048956
도봉구,쌍문1동,0.050292531834346677,0.003808649764827349,0.005827693013651485,0.007800848915911438,0.008535046460938396,0.011012963175404383,0.013307330503613629
도봉구,쌍문2동,0.047110912120986,0.0042285401586946245,0.005820461159614954,0.007760614879486606,0.007511877223092804,0.009800263661915777,0.01198915503818123
도봉구,쌍문3동,0.04781765846208071,0.0026434823474123246,0.0061093814251307055,0.007284262468425072,0.007108030311930917,0.01192504258943782,0.012747459319743876
도봉구,쌍문4동,0.03511922578070438,0.0032924274169410356,0.005038411653197646,0.005038411653197646,0.005487379028235059,0.008480494861817818,0.007782101167315175
도봉구,창1동,0.03936770794128717,0.0035378246142265713,0.004930372600677455,0.00605946556266466,0.006624012043658261,0.007941287165976665,0.010274745954083554
도봉구,창2동,0.04236386497727053,0.0029661153560950446,0.004416932649837186,0.0067382403198246125,0.006802721088435374,0.009672115291614276,0.011767740271464036
도봉구,창3동,0.05319470065403321,0.004561462351165521,0.006573872211973838,0.009122924702331042,0.007177595170216334,0.011671977192688244,0.014086869025658226
도봉구,창4동,0.03527461286112385,0.003774383576140252,0.005114818864862958,0.005643938057779816,0.004374051994779357,0.008536456312391971,0.007830964055169495
도봉구,창5동,0.03876283873962746,0.003210893827733612,0.004603570668678311,0.006808642333507418,0.005106481750130563,0.00866554478810035,0.010367705371477205
동대문구,답십리1동,0.039711191335740074,0.0023560706821204635,0.004674140224206726,0.007068212046361391,0.006194185825574767,0.009462283868516056,0.009956298688960669
동대문구,답십리2동,0.04915171402639112,0.003141799902255114,0.006178873141101725,0.008378133072680304,0.007959226419046289,0.010682119667667389,0.0128115618236403
동대문구,용신동,0.047825942754800836,0.0026864780604291733,0.0055719544957049515,0.007197107890285563,0.0085900965142118,0.012039401678219628,0.01174090411594972
동대문구,이문1동,0.04260455011767546,0.0028966266368957816,0.004505863657393438,0.0074427212198016615,0.006597871784040392,0.008770341761712229,0.012391125057831956
동대문구,이문2동,0.04818262618702344,0.003040651167142256,0.005192496608504468,0.008607381765448847,0.00846704401927305,0.010104317724657343,0.012770734901997474
동대문구,장안1동,0.04336477038708239,0.0031480777050513532,0.0051943282133347325,0.007450450568621535,0.006453559295355273,0.009654104962157482,0.01146424964256201
동대문구,장안2동,0.041145308589814425,0.0026975202314017356,0.005785043387825409,0.007150053625402191,0.006402548019110143,0.008742565569241769,0.010367577756833177
동대문구,전농1동,0.0524380605477475,0.0026803202639084566,0.006597711418851586,0.009312394763066561,0.008418954675097077,0.01192398886636198,0.01350469056046184
동대문구,전농2동,0.04509793997064332,0.0035430480336083414,0.005466416966138584,0.007541630814394898,0.0073391709267601355,0.010021764437920737,0.01118590879182062
동대문구,제기동,0.05392355757526576,0.0034082609754118314,0.005274689604804025,0.008520652438529579,0.00916984500527469,0.013470745759961048,0.01407936379128459
동대문구,청량리동,0.06381200074308006,0.0037618428385658553,0.006501950585175552,0.010867545978079138,0.012585918632732677,0.013700538733048486,0.016394203975478357
동대문구,회기동,0.031082423038728896,0.0023833167825223437,0.003475670307845084,0.004468718967229395,0.004766633565044687,0.008639523336643496,0.007348560079443893
동대문구,휘경1동,0.04708370872341259,0.002271926044890125,0.005013905754240276,0.00838262368287046,0.007599200908770418,0.010027811508480552,0.013788240824160759
동대문구,휘경2동,0.036954248097943114,0.0020507351885651007,0.004593646822385825,0.004921764452556241,0.0054139408978118655,0.009228308348542952,0.010745852388081126
동작구,노량진1동,0.03958565137672188,0.003416338875742427,0.004826754007929667,0.006331196815596057,0.005735688204228111,0.009246054755449687,0.010029618717775931
동작구,노량진2동,0.05102275339002528,0.0026813759289052324,0.00666513445185015,0.008350570750019153,0.008120738527541561,0.011415000383053705,0.013789933348655482
동작구,대방동,0.040437378750850315,0.003804388904285606,0.006349046383311078,0.00692852283893074,0.005945932327227835,0.00823864352120128,0.009170844775893779
동작구,사당1동,0.034658201426335015,0.002652635240911463,0.0039572099495564445,0.005522699599930423,0.005305270481822926,0.007349104192033397,0.009871281962080362
동작구,사당2동,0.03216684977396755,0.00270158312771284,0.003602110836950453,0.00421446967923203,0.004718765196405093,0.007780559407812978,0.00914936152585415
동작구,사당3동,0.03242103588193174,0.0023470443153791073,0.0033415546185058477,0.005609038109634816,0.004813429867133423,0.00819476489776434,0.0081152040735142
동작구,사당4동,0.03822786538330261,0.0036862584476756092,0.0040958427196395655,0.0050515393542221315,0.004983275308894805,0.009898286572462283,0.010512662980408219
동작구,사당5동,0.038871715610510046,0.004173106646058733,0.005950540958268934,0.00571870170015456,0.005486862442040185,0.008268933539412673,0.00927357032457496
동작구,상도1동,0.03396045222401676,0.002859138329914008,0.004888908289318608,0.005303592474573311,0.004452398620629447,0.007726221135798158,0.008730193373783229
동작구,상도2동,0.03545464713119338,0.002833389255489692,0.005032994072251426,0.00589046713641278,0.004846586884390262,0.007829101890168885,0.009022107892480334
동작구,상도3동,0.04472918795692163,0.0031051018001729425,0.005777847653486361,0.006996305321908655,0.007114220580143071,0.00923669522836255,0.012499017372848047
동작구,상도4동,0.04415817145948504,0.003989788845497118,0.0068976010549272205,0.0064242362766479015,0.005815624418860205,0.00906155432706125,0.011969366536491353
동작구,신대방1동,0.033901808785529716,0.0024392764857881135,0.004382428940568475,0.005540051679586563,0.00516795865633075,0.007855297157622738,0.008516795865633075
동작구,신대방2동,0.03537301333857378,0.0034881721486649145,0.004470755852514186,0.005305952000786067,0.005600727111940849,0.007909798815986637,0.008597607408681127
동작구,흑석동,0.036373273263325276,0.0025176400437274325,0.005167787458177361,0.005730943783747971,0.005465929042302978,0.008612979096962268,0.008877993838407261
마포구,공덕동,0.038308794422239535,0.002630537216993781,0.004571516134387251,0.005925093537306381,0.006665730229469678,0.00819808200635926,0.01031783529772318
마포구,대흥동,0.037928455141461696,0.0029920359044308532,0.005016060192722313,0.005368064416773001,0.006424077088925067,0.008272099265191183,0.00985611827341928
마포구,도화동,0.03476847357370239,0.003251078048450094,0.005599078861219606,0.0058700020319237805,0.005057232519811257,0.006998848576524507,0.007992233535773148
마포구,망원1동,0.04031249262432439,0.0033043026741249497,0.0047204323916070715,0.0061365621090891925,0.005806131841676698,0.00920484316363379,0.011140220444192689
마포구,망원2동,0.03998968008255934,0.003199174406604747,0.005469556243550051,0.005985552115583075,0.005572755417956657,0.009029927760577915,0.010732714138286893
마포구,상암동,0.036493771791051656,0.004208456847957977,0.00574439000414702,0.006205169951003732,0.0048535487735573745,0.006696668560984226,0.008785537653401324
마포구,서강동,0.027652576440492144,0.0023551386689405936,0.0034108904860518942,0.004750883177000852,0.004263613107564868,0.006090875867949811,0.006781175132984123
마포구,서교동,0.02858096549422122,0.0022530980097634247,0.0030041306796845663,0.003755163349605708,0.004130679684566279,0.007552050736429257,0.007885843034171986
마포구,성산1동,0.036033300437764114,0.0026822541056200815,0.004251119714567676,0.005819985323515271,0.0055669424833624335,0.007692502340646271,0.01002049647005238
마포구,성산2동,0.0501490617152612,0.00630883608159428,0.008189116639245908,0.009252959586338278,0.007026311557540296,0.009252959586338278,0.010118878264204158
마포구,신수동,0.03256412701439878,0.0022885477257556974,0.004529417373891485,0.004624773529131305,0.005626013159149423,0.006960999332506913,0.008534375893963955
마포구,아현동,0.028110551731223673,0.002178156786191308,0.004027535189561286,0.004808383848761944,0.003904243296003288,0.006205691975752594,0.006986540634953252
마포구,연남동,0.033554549401476154,0.0030391366371022763,0.004465670160640079,0.004713762947342306,0.005458041307448986,0.007442783601066799,0.008435154747875706
마포구,용강동,0.028628633235910063,0.0021172301106943134,0.003544059098336133,0.004648700895220123,0.004142406738314961,0.005983476399788277,0.008192759993556255
마포구,합정동,0.032922919416978745,0.002532532262844519,0.0035024382358488024,0.004795646199854514,0.005819435838025702,0.00775924778403427,0.008513619096370936
서대문구,남가좌1동,0.03262355335500137,0.0028553203122626894,0.0036450897603353483,0.004799368184441542,0.00492087117645272,0.007776191488715409,0.008626712432793657
서대문구,남가좌2동,0.04627103476875396,0.0034048497282668003,0.005238230351179693,0.008861339677412315,0.007944649365955868,0.009690726149682432,0.011131239496256847
서대문구,북가좌1동,0.03704671334517713,0.0031873759013481035,0.004284669244435155,0.006165743546870102,0.005016198139826523,0.008360330233044205,0.010032396279653046
서대문구,북가좌2동,0.04698444734655111,0.0027602991808144367,0.00670782381574261,0.007895049269856345,0.00715303336103526,0.010091416359966758,0.0123768253591357
서대문구,북아현동,0.03688536664407978,0.0030050378575847744,0.004772707185575818,0.005420852605839201,0.006717143446365967,0.007836667354093628,0.009132958194620393
서대문구,신촌동,0.027243182139324574,0.0023173661155857003,0.0029956196128302953,0.004917337855023315,0.00423908435777872,0.006104281475201356,0.006669492722905186
서대문구,연희동,0.03743933441183268,0.0034801995676939598,0.004839652523824413,0.005818458652238339,0.005736891474870512,0.0081023396185375,0.009461792574667954
서대문구,천연동,0.04195161508311934,0.003946479253953237,0.005838626841465063,0.006433301797540208,0.006703608595756183,0.00935261521827274,0.00967698337613191
서대문구,충현동,0.04158660051051137,0.0025238764447758624,0.005162474546132446,0.006998021051423982,0.00665385608168182,0.00906301086987696,0.0111853615166203
서대문구,홍은1동,0.04784709826287605,0.003047585876616309,0.006269319517610693,0.006965910575122992,0.007793112455918847,0.010840698332535157,0.012930471505072054
서대문구,홍은2동,0.04580098800282287,0.004022582921665491,0.006316160903316867,0.007833450952717008,0.006316160903316867,0.009985885673959069,0.011326746647847566
서대문구,홍제1동,0.03764552279403765,0.0029158959852029157,0.005266021107605266,0.004874333587204874,0.0054836252856054835,0.009052333804809052,0.010053313023610053
서대문구,홍제2동,0.04440485164119783,0.004248612348386213,0.004591242376481875,0.006235866511341054,0.007058178578770643,0.011169738915918591,0.011101212910299458
서대문구,홍제3동,0.05047878361428091,0.003426438645333007,0.00532321718114235,0.00868846942209441,0.00728118212133264,0.01223728087618931,0.013522195368189188
서초구,내곡동,0.04604783137413863,0.0062694230509390625,0.0070260775570868805,0.008323199567625996,0.005566815295230374,0.008971760572895554,0.009890555330360762
서초구,반포1동,0.01811094656930331,0.0013617253059626548,0.0024511055507327783,0.001974501693645849,0.0026553643466271765,0.004493693509676761,0.005174556162658088
서초구,반포2동,0.012677497442040378,0.0010980509595468044,0.0016470764393202067,0.0017468992538244616,0.0017968106610765891,0.003194330064136158,0.003194330064136158
서초구,반포3동,0.017083267830005765,0.0020961064822092963,0.0022533144683749935,0.0023581197924854584,0.0017816905098779019,0.0044018236126395225,0.004192212964418593
서초구,반포4동,0.018593247177810697,0.0016345711804668743,0.0025540174694794913,0.0032691423609337487,0.002298615722531542,0.004290749348725545,0.004546151095673494
서초구,반포본동,0.01630722817889029,0.001386114395205675,0.0029353010722002527,0.0018753312405723837,0.0023645480859390924,0.003995270903828122,0.0037506624811447674
서초구,방배1동,0.027171844347495096,0.0018153602904576465,0.0029865604778496766,0.0039235206277633,0.003982080637132902,0.0063830410212865635,0.008081281293005007
서초구,방배2동,0.031219028741328047,0.002601585728444004,0.003923026098447307,0.004501156260323753,0.004129501156260324,0.007433102081268583,0.008630657416584076
서초구,방배3동,0.027551859636297176,0.0016905784519784337,0.003792378689573243,0.00498035273690944,0.0040208352371378965,0.006259709403271497,0.006808005117426665
서초구,방배4동,0.024951393389500972,0.003037913156189242,0.0031189241736876215,0.0030784186649384314,0.0035644847699287103,0.005711276733635774,0.006440375891121192
서초구,방배본동,0.022146145673474206,0.0025026561208830126,0.002974855388974147,0.003069295242592374,0.003069295242592374,0.0053358517294298195,0.005194191949002479
서초구,서초1동,0.0225713124357411,0.0025823111684958036,0.002917055208856371,0.003921287329938072,0.0032039786720225714,0.005260263491380341,0.00468641656504794
서초구,서초2동,0.017768767515353886,0.0017888020988611293,0.0023254427285194683,0.0029813368314352156,0.0026235764116629896,0.0031005903046926243,0.0049490191401824575
서초구,서초3동,0.023525848142164782,0.002154011847065159,0.0032310177705977385,0.0036012385568120623,0.003130048465266559,0.00498115239633818,0.006428379106085083
서초구,서초4동,0.014822813389614215,0.0013743005791695298,0.002061450868754295,0.0022577795229213704,0.001407022021530709,0.003959294525702693,0.003762965871535617
서초구,양재1동,0.04204594711746858,0.005591677503250975,0.0068270481144343306,0.008019072388383182,0.0046380580840918945,0.007715648027741656,0.009254442999566537
서초구,양재2동,0.029011707988980718,0.0019369834710743802,0.0046487603305785125,0.004390495867768595,0.0037017906336088155,0.006930096418732782,0.007403581267217631
서초구,잠원동,0.01789939306655694,0.0014107896013049804,0.003174276602936206,0.0026746219524740253,0.002586447602392464,0.0037327141534527607,0.004320543153996503
성동구,금호1가동,0.04605629877369008,0.0025780379041248605,0.005922519509476031,0.007664437012263099,0.00822185061315496,0.010660535117056856,0.01100891861761427
성동구,금호2.3가동,0.03997990538786788,0.002176916314313225,0.004730606606103738,0.005693473437434588,0.006656340268765437,0.00929375811110646,0.01142881065014443
성동구,금호4가동,0.03570816627257462,0.0021246701620917722,0.005140331037318803,0.004592029060004797,0.0053459442788115555,0.008498680648367089,0.010006511085980604
성동구,마장동,0.0473700133984527,0.004192419069023642,0.00643990145654147,0.007606863465444958,0.008211954877468989,0.01037299563469767,0.010545878895275964
성동구,사근동,0.03521440670410984,0.0023179103147009006,0.003833467058928412,0.00561647499331372,0.005081572612998127,0.008290986894891682,0.01007399482927699
성동구,성수1가1동,0.03630800011769206,0.0026480713213875894,0.004413452202312649,0.006943831464971901,0.005413834701503516,0.00829729014034778,0.008591520287168624
성동구,성수1가2동,0.037594718527431785,0.0014959836092230641,0.00461803635890598,0.005918891671273863,0.006244105499365833,0.008195388467917656,0.01112231292074539
성동구,성수2가1동,0.048015090457000774,0.0029723627425762384,0.0057732430192346165,0.007545228500385835,0.008459801651947756,0.010631912886907314,0.012632541655949013
성동구,성수2가3동,0.039480061687596386,0.002555628993170302,0.005463758537122714,0.005287508261731659,0.006961885877946684,0.009605640008812514,0.009605640008812514
성동구,송정동,0.04696479885057471,0.0019755747126436784,0.005747126436781609,0.00817169540229885,0.0077227011494252875,0.01221264367816092,0.011135057471264368
성동구,옥수동,0.027281951072864605,0.001991657585209124,0.0030814324903235503,0.004885197850512946,0.004096050505430085,0.006463492540678667,0.006764120100710233
성동구,왕십리2동,0.03896551724137931,0.002586206896551724,0.00471264367816092,0.00632183908045977,0.006666666666666667,0.009770114942528735,0.008908045977011494
성동구,왕십리도선동,0.03711317087756017,0.0030273583495290775,0.003961728210494842,0.006914336971146659,0.006129466287935416,0.007773957243235162,0.009306323815219016
성동구,용답동,0.05363544132566791,0.0037199864727764627,0.005005072708826513,0.011024687182955697,0.007778153533987149,0.01176868447751099,0.014338856949611092
성동구,응봉동,0.03250430928342773,0.0028933760157596653,0.0038783550849544445,0.004432405811376508,0.005909874415168678,0.007387343018960847,0.008002954937207584
성동구,행당1동,0.042984672393464714,0.002829711975745326,0.005457301667508843,0.006535287182078491,0.007950143169951154,0.009971366009769243,0.010240862388411655
성동구,행당2동,0.03585312304872399,0.0025782021068745343,0.004874413358309666,0.005800954740467702,0.004793844542469837,0.00894313855822104,0.008862569742381211
성북구,길음1동,0.028633709195618827,0.0032562770795769532,0.003283188460399903,0.0043058209316720044,0.0045211119782556045,0.006324174493393256,0.006943136252321107
성북구,길음2동,0.03852843972864846,0.0033049225952339538,0.0038267524786919464,0.005566185423551922,0.0063489302487389114,0.008784136371542878,0.010697512610888851
성북구,돈암1동,0.03857037401574803,0.0024606299212598425,0.004490649606299212,0.005536417322834645,0.007504921259842519,0.008858267716535433,0.009719488188976378
성북구,돈암2동,0.029069884162132863,0.0020477404589347736,0.0038144185019373233,0.0046977575234385975,0.004336391560097168,0.006705346208668768,0.007468229909056233
성북구,동선동,0.0376136586642245,0.004579054098253418,0.004186563746974553,0.004513639039706941,0.0058219402106364886,0.007588146791391378,0.010924314777261726
성북구,보문동,0.0376877560309513,0.002670307995751783,0.003459262630860264,0.007100591715976331,0.005826126536185708,0.008739189804278562,0.00989227734789865
성북구,삼선동,0.037137524293328714,0.002693913679308819,0.00492601358502184,0.005888125613346418,0.0061190325001443165,0.008081741037926455,0.009428697877580865
성북구,석관동,0.050558727073970605,0.0036742378233936596,0.0058301955544758895,0.007075185230171262,0.007682497267095834,0.011235272683104579,0.015061338515729382
성북구,성북동,0.034569064515179174,0.002944554047289538,0.00459350431377168,0.005005741880392214,0.004770177556609052,0.007596949442007008,0.009658137275109684
성북구,안암동,0.038524672540283404,0.004555961274329169,0.005895949884425982,0.005962949314930823,0.00475695956584369,0.0074369367860373185,0.009915915714716426
성북구,월곡1동,0.043206034198674526,0.003039068507194903,0.0054190619164439235,0.006627366262678042,0.006920288528431767,0.00944674307055765,0.01175350591336824
성북구,월곡2동,0.04702273184469925,0.003067793200563267,0.005180044256688795,0.007543753771876886,0.007493462080064374,0.011013880506940254,0.01272379802856568
성북구,장위1동,0.05143575364981147,0.002803828676399497,0.006381127332495407,0.008411486029198492,0.00739630668084695,0.011070289084404912,0.015372715846466208
성북구,장위2동,0.04665012406947891,0.0026054590570719605,0.005955334987593052,0.007444168734491315,0.007878411910669975,0.010483870967741936,0.01228287841191067
성북구,장위3동,0.050465500739580615,0.004524493169755503,0.0074828156269033325,0.007308796658835813,0.006438701818498216,0.011224223440355,0.01348647002523275
성북구,정릉1동,0.03676285722267229,0.003128753806184876,0.004078554068776713,0.005251836746096042,0.005475319160823533,0.009553873229600246,0.009274520211190882
성북구,정릉2동,0.04087204906326136,0.0022683357136856256,0.005712845501134168,0.006258926321095522,0.0063429387549357305,0.00974544232546417,0.010543560446946147
성북구,정릉3동,0.04850268748400307,0.002559508574353724,0.006654722293319683,0.0074225748656258,0.008382390581008446,0.011325825441515228,0.01215766572818019
성북구,정릉4동,0.04004298399411798,0.0031672416718511397,0.004826273023773166,0.006409893859698735,0.0062213675697075956,0.009350903983560508,0.010067303885526837
성북구,종암동,0.039821583446908684,0.0025027877586420518,0.005079915747738818,0.0067649609713790115,0.006294139511832487,0.009143848345929873,0.010035931111386445
송파구,가락1동,0.01702127659574468,0.0012158054711246201,0.0012158054711246201,0.0024316109422492403,0.0024316109422492403,0.0024316109422492403,0.00729483282674772
송파구,가락2동,0.02726817633028063,0.002797491092199417,0.003298094761329839,0.004505433022173798,0.003180305662710916,0.005801113106981949,0.007685738684884714
송파구,가락본동,0.027141583744156008,0.002401266122137127,0.003638282003238071,0.0038201961033999744,0.00360189918320569,0.006039548125375198,0.007640392206799949
송파구,거여1동,0.046545343558048145,0.0032047613597344627,0.005646484300484529,0.008164511083133036,0.006791041928961124,0.009537980237304948,0.013200564648430049
송파구,거여2동,0.05493446977436586,0.010449808809363963,0.008756823024606673,0.007881140722146006,0.005370851455092093,0.011734142852972942,0.010741702910184186
송파구,마천1동,0.05801209372637944,0.0049130763416477706,0.006897203325774755,0.00958994708994709,0.008928571428571428,0.013227513227513227,0.01445578231292517
송파구,마천2동,0.06009835174339585,0.0037067239973311585,0.0075617169545555635,0.009835174339585341,0.00958805940642993,0.013146514443867843,0.016260162601626018
송파구,문정1동,0.028193583366728742,0.0028287876287687703,0.004431767285071073,0.005421842955140143,0.0040074491407557575,0.005563282336578581,0.005940454020414417
송파구,문정2동,0.018461863065724234,0.0017231072194675951,0.0023912508351795194,0.0024615817420965643,0.002320919928262475,0.0048176671238175615,0.004747336216900517
송파구,방이1동,0.026284494587589573,0.0024393962494282666,0.0036590943741423997,0.004085988717792346,0.00384204909284952,0.005610611373685013,0.0066473547796920265
송파구,방이2동,0.03206226936339255,0.002621443407069831,0.003952330059889899,0.0051622270169990525,0.004153979552741425,0.006735093061240951,0.009437196265451392
송파구,삼전동,0.02974628171478565,0.0022716458688278,0.003008395880339519,0.005218645914874676,0.004236312566192384,0.006661448020751792,0.00834983346379948
송파구,석촌동,0.031760326609029776,0.0023114793467819404,0.004592939481268011,0.004833093179634967,0.004382804995196926,0.007144572526416907,0.008495437079731027
송파구,송파1동,0.026879511708433595,0.002347555607723458,0.0033257037776082323,0.0041864741671068335,0.00363871119197136,0.0060645186532856,0.0073165483107381106
송파구,송파2동,0.024766321627501135,0.0022949487222394876,0.002916497334512682,0.003872725968779135,0.0035380459467858763,0.005259257488465492,0.006884846166718462
송파구,오금동,0.036441834711169484,0.0036055525509284298,0.004815988050168688,0.005949161709031909,0.004481186741868192,0.008447294547889464,0.009142651111282804
송파구,오륜동,0.016132809450703858,0.0018734875491139965,0.002966355286097161,0.002029611511540163,0.0022377767947750512,0.0032265618901407716,0.003799016419036715
송파구,위례동,0.02644535096356731,0.003376002250668167,0.003973835982557321,0.003798002532001688,0.0031650021100014065,0.0056266704177802785,0.006505837670558447
송파구,잠실2동,0.015549398287911997,0.0014887721765022126,0.0022331582647533185,0.0020677391340308505,0.0018196104379471485,0.0034462318900514177,0.004493886384627049
송파구,잠실3동,0.01983342154377559,0.0015599320315329117,0.0027020251260480794,0.0026741691969135633,0.0024234658347029167,0.0048747875985403494,0.005599041756037772
송파구,잠실4동,0.020076337161400972,0.0019504649168530256,0.0027575538479646224,0.0030938409025944545,0.002488524204260757,0.004775276175743615,0.005010677113984497
송파구,잠실6동,0.02098703741806531,0.0021751271273625114,0.0027629993239469738,0.0028805737632638666,0.0035860203991652214,0.005114488110284824,0.004467828694041915
송파구,잠실7동,0.019560858721697882,0.001173651523301873,0.003129737395471661,0.002151694459386767,0.002836324514646193,0.004694606093207492,0.005574844735683896
송파구,잠실본동,0.029400981196640887,0.0023045899750336087,0.003352130872776158,0.004783770099690976,0.004050491471271191,0.0071581961345740875,0.007751802643294866
송파구,장지동,0.043094466311646214,0.006454040287103496,0.006135679555452651,0.007235471173882843,0.004891178513544802,0.007698541329011345,0.010679555452651077
송파구,풍납1동,0.044982252339464346,0.002839625685705066,0.005679251371410132,0.007808970635688932,0.005550177476605357,0.011035818005808325,0.012068409164246532
송파구,풍납2동,0.032722064193346646,0.0029453892553813876,0.004155823195949081,0.005931126308781698,0.004236518791986927,0.0075046904315197,0.007948516209727854
양천구,목1동,0.020763074053928045,0.0015230398632372368,0.0027663377107778383,0.0032325744036055637,0.0030149972802859587,0.004848861605408345,0.005377263190613101
양천구,목2동,0.033452002950703996,0.0024054652169729625,0.003656307129798903,0.005227877738221239,0.005099586259982681,0.00833894608550627,0.008723820520221944
양천구,목3동,0.03900549500045041,0.002297090352220521,0.004549139717142599,0.007566885866138186,0.006395820196378705,0.008873074497792992,0.009323484370777407
양천구,목4동,0.032456693497533294,0.0025594421158054823,0.004673763863644794,0.0044882970436588895,0.004636670499647613,0.007567046255424904,0.008531473719351607
양천구,목5동,0.017215213336577113,0.0015755511532802742,0.0021316280309086064,0.002201137640612148,0.0024560062095251335,0.004633973980236101,0.004216916322014852
양천구,신월1동,0.0554553960610694,0.004016522513065108,0.0066181336863004635,0.009447956365959971,0.007850475820990894,0.012734202058467788,0.014788105616285173
양천구,신월2동,0.0459145344469486,0.0030933757567722835,0.005302929868752485,0.007777630474170312,0.00742410181625348,0.010650050819744575,0.011666445711255469
양천구,신월3동,0.05622942554642783,0.002847059521338118,0.0068210801032059076,0.010854414425101575,0.007770099943651947,0.012871081586049408,0.015065689967080874
양천구,신월4동,0.047176443021166914,0.0024994141997969226,0.006300606628654742,0.007289958082741024,0.008018953891015127,0.010778723736624229,0.01228878648233487
양천구,신월5동,0.04741198827583985,0.0035430154282217285,0.006377427770799111,0.0075369600927625855,0.007665797017425194,0.009727187812026927,0.01256160015460431
양천구,신월6동,0.037806057899828834,0.0019349557192825779,0.0053583389149363695,0.004911810672025006,0.0061025526531219764,0.009525935848775768,0.009972464091687132
양천구,신월7동,0.05222341760803299,0.002779272010041241,0.006993006993006993,0.007799892415277031,0.00829298906221983,0.011744665590819436,0.01461359153666846
양천구,신정1동,0.027021331397663148,0.0018263984826843375,0.003933781347320112,0.0036996276956939144,0.0038401198866696326,0.005947502751305406,0.007773901233989744
양천구,신정2동,0.03509956125548431,0.002555325201292127,0.0052552914517139965,0.00684634299214117,0.004676727255195024,0.008003471385179114,0.0077624029699628755
양천구,신정3동,0.04317149985684486,0.004519612254079921,0.00644198126712749,0.007014601824205489,0.006196572456951204,0.008732463495439486,0.01026626855904127
양천구,신정4동,0.04606810439442963,0.002736719072936414,0.0058725430106760556,0.007640007411947489,0.0065852302692532465,0.010091651581453026,0.013141953048163405
양천구,신정6동,0.01848537885193998,0.0016125543253819985,0.002163182631609998,0.0033431004306699965,0.0024778273780259974,0.0042870346699179955,0.004601679416333995
양천구,신정7동,0.04646653740723407,0.003844353814267567,0.006050678612021128,0.007588420137728154,0.0075215618105235,0.010396469880323594,0.011065053152370127
영등포구,당산1동,0.03940669669081653,0.0024965733307225377,0.005188956334442921,0.005629528098688075,0.00675543371842569,0.009349911885647152,0.00998629332289015
영등포구,당산2동,0.026610523903640687,0.0017473002778493885,0.002492051215949128,0.0042966400274984965,0.004096130159548566,0.006674114176047664,0.0073042880467474435
영등포구,대림1동,0.057735404717590304,0.0036464466137425457,0.007520796140844,0.009419987085501576,0.009192084172142668,0.013978045352679758,0.013978045352679758
영등포구,대림2동,0.05618734397907834,0.0026944565518881008,0.007370131156635099,0.008083369655664302,0.009430597931608354,0.013076039148868724,0.015532749534413758
영등포구,대림3동,0.04624844238351072,0.00306416358547995,0.004739239678875656,0.0071088595183134845,0.008007680836720937,0.01000960104590117,0.013318897718219517
영등포구,도림동,0.04842408404885073,0.0032531598314756546,0.006133006239667217,0.008159564823209429,0.00805290384512826,0.009652818516345795,0.013172630793024371
영등포구,문래동,0.029554915145693243,0.0020493115593980147,0.003234069804674992,0.004354787063720781,0.004482869036183158,0.006948447006083894,0.008485430675632405
영등포구,신길1동,0.046656565367792106,0.002858858172046085,0.0060607793247377,0.006117956488178622,0.007661739901083507,0.011321078361302497,0.012636153120443696
영등포구,신길3동,0.0502268716914545,0.004096294429039577,0.00567179228636249,0.007814469372321654,0.008948827829594152,0.010335265944038316,0.013360221830098312
영등포구,신길4동,0.05764654985939866,0.003352801211334631,0.006056673155959333,0.009950248756218905,0.009517629245078953,0.014925373134328358,0.013843824356478478
영등포구,신길5동,0.05513260685674479,0.0034831069313827935,0.007165248544558889,0.007861869930835447,0.009454147385181869,0.012539184952978056,0.014629049111807733
영등포구,신길6동,0.04315673289183223,0.0032560706401766003,0.007008830022075055,0.006677704194260486,0.0064017660044150115,0.010706401766004415,0.009105960264900662
영등포구,신길7동,0.029401219074937254,0.0023305844388669776,0.0033464802199115575,0.004541651727022828,0.004541651727022828,0.006991753316600932,0.007649097645512131
영등포구,양평1동,0.04312320075201222,0.0024675400975265847,0.005228834968568239,0.00628635215322249,0.007050114564361671,0.009811409435403325,0.01227894953292991
영등포구,양평2동,0.02847484945490363,0.0023281323453694792,0.002999708983456829,0.0042085469320140585,0.004701036466611448,0.006805309932618477,0.007432114794833337
영등포구,여의동,0.02362531723448435,0.002584019072521726,0.003445358763362301,0.0035068830269937706,0.0033530723679150963,0.0050142274859647775,0.005721756517726678
영등포구,영등포동,0.045235069885641674,0.002964845404489623,0.00601440067767895,0.008513341804320203,0.008132147395171537,0.00914866581956798,0.010461668784413384
영등포구,영등포본동,0.047932948238758634,0.0032619775739041795,0.006342734171480349,0.007203533809038396,0.008109638690678446,0.010193679918450561,0.012821384075206705
용산구,남영동,0.0786647513509816,0.004104247896572953,0.009439770162117792,0.017237841165606404,0.012859976742595253,0.01573295027019632,0.01928996511389288
용산구,보광동,0.04334129539239104,0.002769411846159172,0.0049849413230865095,0.006161941357704158,0.006508117838474054,0.00990064735001904,0.013016235676948108
용산구,서빙고동,0.030960692062528456,0.0031112460160874185,0.0036424343602974654,0.005160115343754742,0.0046289269995446955,0.00705721657307634,0.0073607527697677946
용산구,용문동,0.038461538461538464,0.0033198380566801617,0.005263157894736842,0.005829959514170041,0.007449392712550607,0.006801619433198381,0.00979757085020243
용산구,용산2가동,0.04693435922096658,0.0023082471748016352,0.005578264005770618,0.0072132724212551095,0.008175042077422458,0.010290935320990622,0.013368598220726136
용산구,원효로1동,0.030372473235968124,0.002736258850087218,0.0032151041488524814,0.004172794746383008,0.005198891815165715,0.007251085952731128,0.007798337722748572
용산구,원효로2동,0.0340168712708319,0.001988889650915575,0.004800768122899664,0.006240998559769563,0.004937932926411083,0.007681228996639462,0.008367053014196556
용산구,이촌1동,0.020111773611708194,0.0023924786452589673,0.002878450870077195,0.0030653632642380518,0.002766303433580681,0.0045232799386927345,0.004485897459860564
용산구,이촌2동,0.04281103120221983,0.003510957585367235,0.005209808029899768,0.00702191517073447,0.007361685259640976,0.010419616059799536,0.009287049096777846
용산구,이태원1동,0.0369703140910159,0.003289731338607347,0.005012923944544529,0.006109501057413645,0.006422808803947678,0.008146001409884859,0.007989347536617843
용산구,이태원2동,0.03834556522728566,0.0025032713204756214,0.00409626216077829,0.006030608181145815,0.005689253001080958,0.010582010582010581,0.009444159981794391
용산구,청파동,0.04202259224315985,0.00270290945253334,0.005507815488181146,0.006629777902440268,0.005915801820639008,0.009026697605630211,0.01223958997373588
용산구,한강로동,0.03224503743282284,0.0027958124941753907,0.003230716659936007,0.00478394582336678,0.00478394582336678,0.007952533316765556,0.008698083315212327
용산구,한남동,0.03349456493472721,0.0020804077599209446,0.0033806626098715348,0.005096999011806314,0.005357049981796432,0.007541478129713424,0.010037967441618558
용산구,효창동,0.03416615658561015,0.0031161315452673754,0.004006454843915197,0.003672583606922264,0.005898391853541817,0.008235490512492349,0.009237104223471147
용산구,후암동,0.04614724803431022,0.005146533238027162,0.006233023588277341,0.007433881343817012,0.007376697641172266,0.009320943531093638,0.010636168691922802
은평구,갈현1동,0.045104265690418886,0.002710301167047592,0.005703768127667321,0.008252260269816548,0.006674622277057503,0.00962763698145264,0.012135676867377277
은평구,갈현2동,0.04025056644009063,0.0028655204584832734,0.005131280821004932,0.006863921098227376,0.006397441023590564,0.008529921364787418,0.010462481673997067
은평구,구산동,0.06953342197509972,0.012963858334340626,0.015532454974011846,0.012178169950441194,0.007192070591079415,0.009881542366735163,0.011785325758491479
은평구,녹번동,0.0464642471606027,0.0033449392589439114,0.005139043043286555,0.0072372322148059175,0.00726764075352359,0.010430128780161469,0.013045263109881255
은평구,대조동,0.04498772919825551,0.003032529348318822,0.00562737404842668,0.007221796695480906,0.006971691182217498,0.009910430963062542,0.012223906960749067
은평구,불광1동,0.041113636919165995,0.0032754027034293956,0.0053775268265258734,0.006281929065532497,0.005964166116692332,0.009728434895260443,0.010486177311725452
은평구,불광2동,0.050811381477003766,0.0031331414851771757,0.00657278594173038,0.007900965484359835,0.008207468455735863,0.010591380455327192,0.014405639654673319
은평구,수색동,0.04849177517449692,0.003591983346259031,0.00702069472223356,0.007510510633087065,0.006857422751949059,0.011020857994203844,0.012490305726764357
은평구,신사1동,0.04354281829728618,0.003506323905615485,0.0054383799352403445,0.006440186765416197,0.006404407950052773,0.009409828440580333,0.012343691300381045
은평구,신사2동,0.04492160559106166,0.0033104970343464067,0.006483056692261713,0.006942847947032048,0.0068049105706009475,0.01020736585590142,0.011172927490919122
은평구,역촌동,0.043186818809804024,0.0034181036688328303,0.005690016885841477,0.007122754950621706,0.0068771427109450955,0.008985314434836003,0.01109348615872691
은평구,응암1동,0.04523823512132072,0.0033292207665041222,0.005992597379707421,0.007128449170632356,0.006462605017331532,0.009635156571294283,0.012690206215851008
은평구,응암2동,0.036811004552940035,0.0026155187445510027,0.005182601956795505,0.006054441538312506,0.005715392812167006,0.008137169427492008,0.00910588007362201
은평구,응암3동,0.05196320569417164,0.0033838315085276444,0.006339822251609265,0.00805118531339336,0.008206763773555552,0.012601855273137435,0.013379747573948386
은평구,증산동,0.043795620437956206,0.00320305522190397,0.006344513228002094,0.006898888170254704,0.006529304875419631,0.009301179586682681,0.011518679355693123
은평구,진관동,0.03465738105845024,0.0036184778754625377,0.004073060523133711,0.0060186742551663315,0.0045640097826185775,0.0075642552572483205,0.008818903364820758
종로구,가회동,0.04091653027823241,0.004208557400046762,0.006780453588964227,0.006780453588964227,0.007014262333411269,0.009586158522328735,0.006546644844517185
종로구,교남동,0.034782608695652174,0.0018668631785802015,0.004126750184229919,0.005404077622205846,0.005502333578973225,0.008744780152296733,0.00913780397936625
종로구,무악동,0.039517832732695414,0.004225177084627812,0.004970796570150367,0.006586305455449235,0.00596495588418044,0.00894743382627066,0.008823163912016901
종로구,부암동,0.03290805994329688,0.0026326447954637504,0.005164034021871203,0.005265289590927501,0.0049615228837586066,0.006784123126771973,0.008100445524503848
종로구,사직동,0.03422684980062029,0.004873726185201595,0.004430660168365086,0.006756756756756757,0.004541426672574214,0.006424457244129375,0.007199822773593266
종로구,삼청동,0.04353440324663346,0.00590296993174691,0.005165098690278546,0.007009776793949456,0.009223390518354546,0.008485519276886183,0.00774764803541782
종로구,숭인1동,0.043612719054793435,0.001585917056537943,0.005709301403536595,0.006978035048766949,0.007929585282689715,0.011260011101419396,0.010149869161842835
종로구,숭인2동,0.04702943412620832,0.003041164331486912,0.005430650591940914,0.008797653958944282,0.007059845769523189,0.009449332029977192,0.013250787444335832
종로구,이화동,0.0420061099796334,0.0025458248472505093,0.004455193482688391,0.007382892057026477,0.006491853360488798,0.01094704684317719,0.010183299389002037
종로구,종로1.2.3.4가동,0.0562272828425191,0.0022253542022105184,0.006230991766189452,0.01364883910689118,0.00875305986202804,0.012758697426006972,0.012610340479192938
종로구,종로5·6가동,0.052434456928838954,0.003153952296471516,0.0059136605558840925,0.00867336881529667,0.009264734870885078,0.013404297260003943,0.012024443130297654
종로구,창신1동,0.0623046875,0.0025390625,0.009375,0.0103515625,0.0115234375,0.0126953125,0.0158203125
종로구,창신2동,0.05551732048635008,0.0022941041523285156,0.005849965588437715,0.009635237439779766,0.01089699472356045,0.010552879100711171,0.016288139481532463
종로구,창신3동,0.04453781512605042,0.0014005602240896359,0.005742296918767507,0.00742296918767507,0.0070028011204481795,0.013025210084033614,0.009943977591036414
종로구,청운효자동,0.03915733416868979,0.008849557522123894,0.00579528545696609,0.004855509436917534,0.005090453441929673,0.00759652282872582,0.0069700054820267835
종로구,평창동,0.029279096777678742,0.0027550441617372984,0.00421359695324528,0.003727412689409286,0.004483699322043054,0.006266374956108365,0.007832968695135457
종로구,혜화동,0.03405092730633908,0.002385353926888902,0.005009243246466694,0.0059633848172222555,0.004591806309261137,0.00840837259228338,0.00769276641421671
중구,광희동,0.04995674740484429,0.0021626297577854673,0.0062716262975778545,0.006487889273356401,0.009731833910034602,0.011029411764705883,0.014273356401384083
중구,다산동,0.04389584272390001,0.002635137477896051,0.00471550917097188,0.0066571894178426546,0.007905412433688152,0.010124475572969038,0.011858118650532228
중구,동화동,0.039698584818967105,0.0037676897629112297,0.00523800771916927,0.006156956441830546,0.006892115419959566,0.008454328248483734,0.009189487226612754
중구,명동,0.04759206798866856,0.007176581680830973,0.006043437204910292,0.0056657223796034,0.006421152030217186,0.010576015108593012,0.011709159584513693
중구,소공동,0.016041397153945668,0.001034928848641656,0.002069857697283312,0.00258732212160414,0.00258732212160414,0.0036222509702457956,0.004139715394566624
중구,신당5동,0.049027618891975815,0.0033774581903361117,0.0052296126818107535,0.008824971400555647,0.008389170343738083,0.010132374571008334,0.013074031704526883
중구,신당동,0.050394536171341424,0.0029175784099197666,0.006630860022544924,0.0087527352297593,0.0068960944234467214,0.01034414163517008,0.01485312645050063
중구,약수동,0.049839090934981345,0.00518326545723806,0.006265485717540512,0.007746418705322815,0.007860336627459915,0.01053740779768177,0.012246176629738273
중구,을지로동,0.05917955615332885,0.0,0.00605245460659045,0.008742434431741762,0.0121049092131809,0.014122394082044385,0.01815736381977135
중구,장충동,0.04212354793182065,0.0026055802844425144,0.0030398436651829334,0.007382477472587124,0.008251004234067962,0.009988057757029638,0.010856584518510477
중구,중림동,0.04576008273009307,0.002412961047914512,0.006894174422612892,0.00818683212685281,0.007152705963460876,0.00982419855222337,0.011289210617028611
중구,청구동,0.0442318358291736,0.003882418191902385,0.005823627287853577,0.006794231835829174,0.0074875207986688855,0.010399334442595673,0.009844703272323905
중구,필동,0.04884453781512605,0.006039915966386555,0.005252100840336135,0.007878151260504201,0.0070903361344537815,0.009978991596638655,0.012605042016806723
중구,황학동,0.04296760710553814,0.0028422152560083594,0.006102403343782654,0.007105538140020898,0.006018808777429467,0.008275862068965517,0.012622779519331244
중구,회현동,0.06986621363346783,0.009556169038012317,0.005096623486939902,0.013378636653217243,0.009131450414100658,0.016564026332554684,0.016139307708643025
중랑구,망우3동,0.053793679521091466,0.0033412223305025754,0.006236948350271474,0.009967979952666017,0.007740498398997634,0.011582904079075595,0.014924126409578171
중랑구,망우본동,0.05554041270502974,0.003880132758261316,0.006349308149882153,0.008594013051355641,0.008658147477112027,0.012602414661129728,0.015456396607288878
중랑구,면목2동,0.04924971142747211,0.002731819930742593,0.0061177375913813005,0.008156983455175067,0.007964601769911504,0.010773374374759523,0.013505194305502117
중랑구,면목3.8동,0.047428894330382367,0.0026370314560180824,0.0061405161047278205,0.007948766245997363,0.007270672443021284,0.010359766434356753,0.013072141646261066
중랑구,면목4동,0.061474496993095255,0.004652659192714134,0.009651793006162299,0.013314524711064915,0.008711361892741357,0.010938698740317271,0.01420545945009528
중랑구,면목5동,0.05204086768332578,0.0020131863707282703,0.006240877749257637,0.008556042075595148,0.007952086164376667,0.012381096179978861,0.0148975791433892
중랑구,면목7동,0.04817678546918607,0.003065379512284394,0.005078464565127876,0.00800658827835476,0.00828109987646978,0.010202681063274923,0.013542572173674338
중랑구,면목본동,0.048978667383888,0.003001005053579265,0.0049828008436787795,0.0075874467392381415,0.008578344634287898,0.010956499582407315,0.013872570530696602
중랑구,묵1동,0.03997086916332876,0.0027450211478670067,0.004453656760314837,0.006610459090781771,0.00610627153301028,0.009075376039886838,0.010980084591468027
중랑구,묵2동,0.0453734643117353,0.002864105720674321,0.004723262065673441,0.007738110192699043,0.007336130442428963,0.010049493756752004,0.012662362133507524
중랑구,상봉1동,0.055304807142716364,0.005203303309222067,0.009618227329168063,0.010958472120937384,0.008080887715079725,0.009972998009342295,0.011470918658966829
중랑구,상봉2동,0.045191543038911895,0.0032358022321550993,0.0045520607672690375,0.0067458249924589354,0.0061425398305317135,0.010694600597800752,0.013820714618696356
중랑구,신내1동,0.046566086521691405,0.005073727604249247,0.005805515239477504,0.00756180556402532,0.006683660401751412,0.00980595431205864,0.011635423400129283
중랑구,신내2동,0.064417041356898,0.0073454124560388195,0.011619106975915951,0.012553977652139073,0.008146730178515782,0.01157458932466723,0.013177224769621155
중랑구,중화1동,0.04184201615633919,0.0023702413776423353,0.005562811396507522,0.007062351859913898,0.007110724132927006,0.00783630822812364,0.011899579161224786
중랑구,중화2동,0.05793944674362884,0.003122050388441153,0.006897553183765338,0.008785304581427431,0.008749001669933929,0.012887533580193131,0.017498003339867858
