자치구,행정동,전체세대수,1인세대비율,2인세대비율,3인세대비율,4인세대비율,5인세대비율,6인세대비율,7인세대비율,8인세대비율,9인세대비율,10세대이상비율
강남구,개포1동,5313.25,0.31015229222541135,0.2216941921924748,0.19347856773161437,0.2119857588732571,0.0505183581925689,0.008406656315186875,0.0026349221286406624,0.0006900986527392211,0.0004391536881067771,0.0
강남구,개포2동,4968.916666666667,0.23395441662334177,0.1760276384859208,0.22283529273651198,0.2971808073523739,0.05640062387844433,0.010800476294296207,0.001861572777433042,0.0007379207406040887,0.00020125111107384237,0.0
강남구,개포4동,7827.166666666667,0.37843621574430936,0.19045844601068926,0.1833358175585035,0.18808423652662734,0.04795264357047037,0.008240529778762004,0.0022890360496561125,0.0006600941166450185,3.1940037902178306e-05,0.0005110406064348529
강남구,논현1동,14114.416666666666,0.6455987672179155,0.1709835688096686,0.09336789216699237,0.0636878369043472,0.018509443653947206,0.005166112662584947,0.0016708684382989024,0.0005786046182095139,0.00027749405159027706,0.00015941147644547832
강남구,논현2동,11218.333333333334,0.520353587876987,0.188315257762591,0.14352250779973258,0.11132075471698112,0.027031644629326994,0.00687862130441242,0.00170108453424454,0.0007056900906254643,0.00017085128509879662,0.0
강남구,대치1동,7431.25,0.07707317073170732,0.12093075413512755,0.2590412111017662,0.42643117465657415,0.09188673955705075,0.017089991589571068,0.00511354079058032,0.0013680964395850854,0.000863470703672554,0.00020185029436501262
강남구,대치2동,13546.166666666666,0.18219176396766615,0.15196796141589874,0.2402893807596245,0.3413265745536868,0.06725764976561635,0.012094442462197178,0.003851027966091268,0.0006336355918648573,0.0003691081117659363,1.8455405588296813e-05
강남구,대치4동,10147.583333333334,0.5093166681722249,0.1634461407067364,0.1391135820515558,0.14537944173900189,0.03255290668549983,0.008113590263691683,0.0017163364019347792,0.00022172766914946908,9.033349483867258e-05,4.9272815366548685e-05
강남구,도곡1동,8521.916666666666,0.28933240761565765,0.17700439063982087,0.21225663240859355,0.24963085377898167,0.054438066553885577,0.012135376431358362,0.0034127690366994906,0.00119300235666859,0.00044982056071110767,0.0001466806176231873
강남구,도곡2동,11969.5,0.1899619867162371,0.18982970605845412,0.24975284403414233,0.29619727919573363,0.05947059888327277,0.011118537393653314,0.0028962501914588466,0.00043861481264881574,0.00016012921731623433,0.0001740534970828634
강남구,삼성1동,5851.75,0.3230942310704775,0.1997835405363068,0.19712051950271287,0.20855584511755743,0.05019865852095527,0.015180643966904486,0.0038022813688212928,0.001566482960937611,0.0006550746927557284,4.272226257102576e-05
강남구,삼성2동,13030.75,0.4261394521932097,0.16752681158030044,0.17341672582161427,0.18032346564856205,0.039074241058010224,0.009356074413726507,0.003044081627432547,0.0007034642416335719,0.00015987823673490272,0.00025580517877584434
강남구,세곡동,17261.666666666668,0.3078787293617843,0.20531524572752727,0.18749637926040358,0.20530076276914164,0.0697161340156416,0.018359563580187314,0.004620063725016896,0.0008786328087283962,0.0002896591677126581,0.00014482958385632905
강남구,수서동,7853.75,0.39568146851291847,0.29172900419120373,0.1739190407979203,0.1034643747678922,0.025126001379383523,0.007321343307337259,0.0016446495835322828,0.000668470475887315,0.0003183192742320548,0.0001273277096928219
강남구,신사동,7569.25,0.389129262036089,0.20533738481355485,0.17392740363972653,0.17302462815558567,0.04170382358445905,0.01031586132487807,0.003071638537503716,0.0020147306536314694,0.0010679173409959156,0.0004073499135757616
강남구,압구정동,10716.666666666666,0.2744012441679627,0.2157153965785381,0.22614307931570762,0.2170062208398134,0.05022550544323484,0.011391912908242614,0.003506998444790047,0.0007698289269051323,0.0005832037325038881,0.00025660964230171077
강남구,역삼1동,22862.166666666668,0.6977101907809845,0.14857880195082124,0.07903887791329196,0.05365487377253541,0.014769670416189776,0.004169916820365523,0.0012939864259001407,0.0006160104393721796,0.00016767148053917317,0.0
강남구,역삼2동,14914.75,0.3890835135240841,0.15152226263709861,0.18703520564094828,0.21679880655056236,0.04230711208702794,0.009163188566128608,0.002374606793051621,0.0007878107242830085,0.0003184766757739821,0.0006090168010414747
강남구,일원1동,7578.166666666667,0.396226000131958,0.22906815632628824,0.1788471266137368,0.14398821174866394,0.04080802304867052,0.008577272427368096,0.0018694055290417646,0.00046185313070443596,0.00014295454045613494,1.099650311201038e-05
강남구,일원2동,6526.5,0.3039914195970275,0.23737838044893894,0.20954314461554174,0.1997369697898312,0.04052708189688194,0.006971577415153605,0.0015066779029086546,0.00016598993845603818,2.5536913608621262e-05,0.00015322148165172758
강남구,일원본동,8309.083333333334,0.18371460951368482,0.17273265201737054,0.24224493275431502,0.3227692585423582,0.06273255172552127,0.01184446740013439,0.0026075880813166315,0.0008223931641075529,0.00041119658205377644,0.00012035021913769067
강남구,청담동,12215.666666666666,0.35629792343165884,0.19171419215761182,0.1967214233088657,0.19062269762872816,0.04630665538788987,0.012559008922967773,0.0034040985619559587,0.001439408409965345,0.0006890059213578192,0.00024558626899882663
강동구,강일동,11219.0,0.19391211337908904,0.2168196808984758,0.19805686781353063,0.2653682740588882,0.10272751582137446,0.01862168345366491,0.0036248031613037406,0.0005570906497905339,0.00022283625991621357,8.913450396648542e-05
강동구,고덕1동,9112.833333333334,0.1681054190976096,0.1796733544269071,0.24738006840170457,0.3178301662490627,0.06974596265340088,0.01330541178191927,0.0024324670336704646,0.000740713645591382,0.00022861532271338953,0.0005578213874206704
강동구,고덕2동,3544.5,0.42300277425118726,0.22501998401278978,0.17082804344759486,0.13520947947524334,0.03585367000517233,0.006253820473033338,0.0024921239479005035,0.0006582968918982462,0.00011755301641040109,0.0005642544787699252
강동구,길동,20834.5,0.37360307822761923,0.21134816450278782,0.1917492620413257,0.16709064292399625,0.04300159191085299,0.009603462206116457,0.0026838497044165527,0.0005759677458062348,0.00024398633676514113,9.999440031358245e-05
강동구,둔촌1동,227.75,0.6780095133552871,0.12989388949871936,0.08086351994145628,0.08232711306256861,0.020124405415294547,0.007317965605561654,0.0014635931211123307,0.0,0.0,0.0
강동구,둔촌2동,11158.5,0.299480216875028,0.2089886633508088,0.21161745156905798,0.21890636435602157,0.04845334647727442,0.009626443219668115,0.002337530432704515,0.0003285985272811459,0.00017176741198787174,8.961778016758524e-05
강동구,명일1동,8184.166666666667,0.24266367986966703,0.19642602586294672,0.23482333774564706,0.25283576010589554,0.05551369514306078,0.013593320435800834,0.002627023724671622,0.0010895020873638122,0.000234192037470726,0.0001934629874758171
강동구,명일2동,5895.333333333333,0.16561121791247316,0.1733291869275133,0.22103641298201968,0.3453720456858532,0.07570960081420333,0.013838629424403483,0.003604545968562705,0.0011449734253081534,0.0003392513852764899,1.4135474386520412e-05
강동구,상일동,4148.5,0.27248804788879516,0.21180346309911213,0.22001928407858262,0.22721063838335143,0.05035956771523844,0.012755614479129002,0.0031537503515326826,0.0015869189666947892,0.00014061307299827248,0.0004821019645655056
강동구,성내1동,8162.166666666667,0.281420374492067,0.2223061687052049,0.22240826577910275,0.21230065546321442,0.04953750025524268,0.008484266840912339,0.002950605435648214,0.00035733975864251727,0.00015314561084679314,8.167765911828966e-05
강동구,성내2동,12368.333333333334,0.4690944616628487,0.22051610295108473,0.15983021156178412,0.11528095943942863,0.026896644657054304,0.006245788977226789,0.0015361811076674303,0.0005187980056596146,8.085163724565422e-05,0.0
강동구,성내3동,10213.666666666666,0.3609950719624033,0.2119137756600633,0.1978721321105708,0.17869031689566267,0.04084396723344539,0.006935152246989328,0.0019581606344440455,0.0005548121797591463,0.00013870304493978657,9.790803172220228e-05
강동구,암사1동,16314.083333333334,0.37308766965147694,0.2218635228253707,0.19123558888281597,0.16605284799942788,0.03633363811430819,0.00862240702051908,0.0019921438021341478,0.0006487237509513764,6.64047934044716e-05,9.705315959115078e-05
강동구,암사2동,5894.083333333333,0.30315712084152185,0.2191604575209603,0.21743556391296356,0.20881109587297997,0.0395735836785477,0.009147591511261294,0.00172489360799672,0.0002686309717371941,0.0003817387493107495,0.0003393233327206662
강동구,암사3동,6320.416666666667,0.162225591667216,0.1969279451512954,0.25796031379787726,0.29299228690091633,0.06605577163952799,0.015808556925308196,0.004548750741644143,0.00234689168699321,0.0004878370360603863,0.000646054453161052
강동구,천호1동,12925.5,0.3879604915348213,0.22588423400771085,0.1910564388224827,0.14790530346988512,0.036781297951078616,0.007736644617229508,0.0018696891158304645,0.0004964346962722267,0.0001869689115830464,0.00012249687310613387
강동구,천호2동,17553.5,0.4688998395381738,0.21624842149238993,0.15988264448685446,0.11989536749556119,0.025863787848577208,0.007239771745425888,0.0014906808708614616,0.0004367600003797913,4.272652177628393e-05,0.0
강동구,천호3동,13416.833333333334,0.4601309300505584,0.21318368715916572,0.16323399709320383,0.12376243773369275,0.029807083141824325,0.0074657457671333275,0.0018260642724935094,0.00037266617805989985,0.00014285536825629495,7.453323561197997e-05
강북구,미아동,11154.5,0.4739268157843621,0.21690050353370088,0.15481046513365307,0.11648512558459216,0.02972641833639637,0.005849657089067192,0.0013447487561074006,0.0006126077666711491,0.00021665396626174786,0.00012700404918792118
강북구,번1동,10080.75,0.5106680223859006,0.2100786151824021,0.1432102439467963,0.10439864758739843,0.023981350593953822,0.006348733973166679,0.0008514578115054271,0.0004546619381825095,8.266580694227446e-06,0.0
강북구,번2동,7540.666666666667,0.3304637078949695,0.2725002210237822,0.2037397223941296,0.14386437980726724,0.03635841216514897,0.010343913005039342,0.001580320042436566,0.000795685615772257,8.840951286358411e-05,0.00026522853859075235
강북구,번3동,7617.166666666667,0.272925190906505,0.2753101546944402,0.21667067807364943,0.1709515786709844,0.04804936218628974,0.011968579743124083,0.003238299455177997,0.0006454718508631819,0.00016410301293131742,7.65814060346148e-05
강북구,삼각산동,11888.0,0.21248317631224764,0.20233288470165994,0.22999383131449078,0.27940640421713775,0.06046713772992374,0.011229811574697173,0.0032595895020188425,0.0006028488111260655,0.00014019739793629432,8.411843876177658e-05
강북구,삼양동,12227.333333333334,0.3854819802627992,0.2280273703723897,0.18746251567526306,0.14862875524780544,0.040448994057030695,0.007081129709394253,0.0016493102884248406,0.0007292404994275121,0.00035439725205823014,0.0001363066354070116
강북구,송중동,13069.166666666666,0.4122298029713703,0.21609385959319008,0.17373589236753173,0.14676401198750239,0.03891474845373972,0.008926863482752026,0.0025696614168207615,0.00031881655295542947,0.00021679525600969206,0.0002295479181279092
강북구,송천동,13774.416666666666,0.4393107996103888,0.22408087456819106,0.16424772978892027,0.13108843084704133,0.032893104971172406,0.0063644558450751095,0.001216022457091347,0.0006291857489427865,1.8149588911811148e-05,0.00015124657426509293
강북구,수유1동,10274.75,0.43533094884709284,0.21969715402645645,0.17063675515219348,0.12880280947630518,0.03520766928635733,0.007826630007218343,0.0013463425711898911,0.0007623867571798179,9.732596900167887e-05,0.00029197790700503663
강북구,수유2동,9516.0,0.33900798654897013,0.24994745691467002,0.19863913408995376,0.15831231609920135,0.04100112091915371,0.009632898977161273,0.0023118957545187053,0.0008319321843912008,0.00011384335154826957,0.00020141516043155387
강북구,수유3동,12237.166666666666,0.5077087561118451,0.2083815698078259,0.15206406711793308,0.10013211119131607,0.025012598232161586,0.005018863298966264,0.0009874290072593057,0.0001906759462293832,0.00025877449845416285,0.0002451547880092069
강북구,우이동,9434.916666666666,0.3604783649387471,0.2441639654121658,0.19562970879446032,0.1462298730778403,0.04006394686404226,0.010033651595580248,0.0019872989515893977,0.000609438345154082,0.0004504544290269301,0.0003532975913936707
강북구,인수동,14323.75,0.36882217761875674,0.24215027489309712,0.19114524245862058,0.14532972627047153,0.039404252843470926,0.009948512086569508,0.0021235128137999243,0.0007970445355906565,0.00013962823981150189,0.00013962823981150189
강서구,가양1동,17906.166666666668,0.6008265308971769,0.13905358489161088,0.11570967171458621,0.11141413107216322,0.026462019602185465,0.0049284697078287735,0.0011495108761413663,0.0003025028621424649,4.1885011681264364e-05,0.00011169336448337164
강서구,가양2동,8109.333333333333,0.4605290200591911,0.2678189740217034,0.15260194015126605,0.08939288063137125,0.02173421571851365,0.005919105557382441,0.0009967938178230846,0.000626849720486682,0.00023635317329825717,0.00014386714896415654
강서구,가양3동,7777.416666666667,0.37420308800051433,0.30472843382014164,0.18864447277909333,0.10265833770853645,0.02380824824009686,0.0047680785179311895,0.0008036087389771667,0.00038573219470904003,0.0,0.0
강서구,공항동,12533.833333333334,0.41939816230735477,0.20729226227677086,0.17538529048043294,0.14994747549964763,0.03896786032472109,0.006954509793492281,0.0016023296942941105,0.00038562291397949546,3.324335465340478e-05,3.324335465340478e-05
강서구,등촌1동,11634.333333333334,0.5105220181646276,0.1808010772712947,0.14561785519869352,0.13034696157923387,0.026229836976764176,0.004376414634845142,0.0016689109818640233,0.00012892874538005328,0.00025785749076010655,5.013895653668739e-05
강서구,등촌2동,8530.666666666666,0.27566231634885907,0.2281474679587371,0.22099679587371054,0.2092353079087215,0.048540559549859336,0.011829868708971555,0.003848859018443264,0.0011136292591434824,0.0005079712410128165,0.0001172241325414192
강서구,등촌3동,14727.333333333334,0.3529774568828935,0.26235797383549864,0.19084129283418588,0.15358064370105473,0.03196437463220316,0.006620343126159975,0.0011486578244533972,0.00025462858177538363,0.0002433117559186999,1.1316825856683717e-05
강서구,발산1동,13401.75,0.18421723531130885,0.21240385273067572,0.23314741234042818,0.28064742788566166,0.07218584637578425,0.01383525783324317,0.0026302535116682524,0.0005036655660641334,0.0003357770440427556,9.327140112298767e-05
강서구,방화1동,17312.0,0.2678392637091805,0.21101451786814543,0.2113899799753543,0.22933995686999384,0.0635108595194085,0.01272720271102896,0.003148105360443623,0.0007268561306223044,0.00020698552064078867,9.627233518176218e-05
강서구,방화2동,11464.833333333334,0.4511404439663318,0.21998429981537745,0.15783773568448442,0.12331913532686911,0.03568157699632208,0.008700518978325023,0.0023622962973731264,0.0004942650714503772,8.722324790300775e-05,0.00039250461556353483
강서구,방화3동,11248.583333333334,0.3857745049376588,0.24739411629612618,0.18601601683174915,0.13570597778979573,0.03432284065400828,0.008282524466043871,0.0015038930828326531,0.0007037923294044435,0.0002889252720712978,7.408340309520457e-06
강서구,염창동,14435.25,0.20921009334788104,0.18741160238536453,0.24797515341496223,0.28471969657608975,0.057324951074626346,0.010033309664421007,0.0026266719777396762,0.0004214220975274646,0.00020782459604094144,6.927486534698049e-05
강서구,우장산동,16504.833333333332,0.22843813428389667,0.18957073180583467,0.22947823364872919,0.27824172717082873,0.05911904593603894,0.011062416059942038,0.0025245130214381645,0.0011562269638186794,0.00030294156257257976,0.00010602954690040292
강서구,화곡1동,25531.333333333332,0.4398745332532575,0.22844478679792152,0.173332767579706,0.11871034284669818,0.030361386009347992,0.00673355615322349,0.0017070527717575792,0.0005418178969632087,0.00021868553672611433,7.507115439851687e-05
강서구,화곡2동,8247.25,0.32707872321076725,0.23852395242858732,0.2073620499762547,0.16677276263805108,0.04934978326108703,0.007335778592864288,0.002576616447906878,0.000747723988804349,5.0521891135428985e-05,0.00020208756454171594
강서구,화곡3동,9151.75,0.32277069048724744,0.22260769798126043,0.20992342083936588,0.18017501206508774,0.048460676919714805,0.012729805774851805,0.0023583831871864212,0.0005463435954872019,0.0002094317116034274,0.00021853743819488076
강서구,화곡4동,9800.25,0.35843473380781105,0.24107378213140823,0.20014795540930078,0.15168830727107302,0.03725245104291557,0.008503184442573744,0.0024149043816909434,0.000331624193260376,0.00012754776663860616,2.550955332772123e-05
강서구,화곡6동,10906.0,0.39893942172504426,0.2116877559753041,0.18210159545204474,0.1579176600036677,0.038266397701570996,0.007732746500397334,0.0019943150559325142,0.0007029769545815759,0.0002139495079161318,0.0004431811235405587
강서구,화곡8동,11546.916666666666,0.3562928054386813,0.2512214660479349,0.19360146648095092,0.15159169475256745,0.03562278530343598,0.008999516465434496,0.002186730945490499,0.00036084669067499984,0.00012268787482949995,0.0
강서구,화곡본동,16037.166666666666,0.3945782193446474,0.22504494767363314,0.18680045311412033,0.1461760701703335,0.03575028839258806,0.007835964374421916,0.0027851968863993014,0.0007274767986863847,0.0002286355653014352,7.274767986863848e-05
관악구,낙성대동,10518.416666666666,0.6776685337622108,0.14234556848701882,0.08710911813406644,0.06820576607696026,0.01773872810388129,0.004713954096386497,0.001473605818366199,0.0005228923871621997,3.169044770679998e-05,0.00019014268624079989
관악구,난곡동,12811.916666666666,0.37567238833637956,0.23597171903761474,0.1878524550711252,0.15265735675770603,0.03564389923443669,0.008683322167513318,0.0025952401084927447,0.0007154797291584007,0.00011057413996084375,9.75654176125092e-05
관악구,난향동,6447.666666666667,0.28125161557152456,0.22717520550069792,0.2134105361112547,0.21134260455978907,0.04977252752933878,0.012330041875613916,0.0036447293594582017,0.0006591531820296747,0.00010339657757328232,0.000310189732719847
관악구,남현동,9109.75,0.47981558220587833,0.20071900985208155,0.1542029144597821,0.12392400084158915,0.03143152483145348,0.005589249613509335,0.0030461867779027966,0.000850736847882763,9.14770804175014e-05,0.000329317489503005
관악구,대학동,15508.75,0.7289809516133366,0.1138550818086564,0.0767255044195481,0.059982268074474085,0.015260202573815856,0.004309395233873351,0.0006931570887402273,0.00012895945837027484,6.447972918513742e-05,0.0
관악구,미성동,14060.5,0.3710157296445124,0.2190830103244313,0.1880030345056482,0.16813650534001873,0.04251863968801489,0.008024845014994725,0.002121783246209831,0.0007052854924552232,0.00024892429145478465,0.00014224245225987695
관악구,보라매동,11867.333333333334,0.44142183023425646,0.21882197629346667,0.1638461322397618,0.13426212010561203,0.03183809898320319,0.007632998146171563,0.0014676141789787091,0.0002036402449300601,0.00025279478680972976,0.00025279478680972976
관악구,삼성동,11550.583333333334,0.38598339189218434,0.23127259085038995,0.176751534915264,0.15096640140829828,0.04159963061028663,0.009783055689828074,0.0024746224938134434,0.0008729717835318563,0.00026694178504693125,2.8858571356424995e-05
관악구,서림동,14164.333333333334,0.6351693220059774,0.15373120278634128,0.1034523333254889,0.07898948062033746,0.021650624808792037,0.00501847363095098,0.001564963641070294,0.00026474948815098957,1.7649965876732636e-05,0.0001411997270138611
관악구,서원동,13098.916666666666,0.5983955416160369,0.18567057072149734,0.11144051352847247,0.07695292867730792,0.020873227429749282,0.005127650505448924,0.0010369814297620033,0.000407158352789989,8.90658896728101e-05,6.361849262343578e-06
관악구,성현동,13002.583333333334,0.29160230979741203,0.23041575071620382,0.20487595413731885,0.2073562304926585,0.05117572790022495,0.01056841268722241,0.002922496170632759,0.0007818959053008696,0.0002243143990617249,7.690779396401996e-05
관악구,신림동,15682.0,0.7922086893678527,0.12586617353228755,0.04599753432810441,0.027382774305998385,0.006068528674063683,0.0020671257917782592,0.0002603834544913489,8.502316881350167e-05,6.376737661012626e-05,0.0
관악구,신사동,12747.0,0.581633586987788,0.1793624643707016,0.1207604403650532,0.08998195653879344,0.02174367825109176,0.004720064851860569,0.0013140346748254492,0.00045108653016396016,6.537485944405219e-06,2.6149943777620877e-05
관악구,신원동,10149.666666666666,0.5480147131268679,0.2099412131761306,0.12452789910998721,0.09111957699760256,0.019163190909389474,0.005147952313704884,0.0013711451936024171,0.0002791553088771389,0.0003202075601826004,0.00011494630365529247
관악구,은천동,15432.25,0.3892767850875062,0.2200478435311334,0.17686986667530658,0.1638775939995788,0.03691403824242522,0.009574106173759497,0.002305777403381447,0.0007397927500310496,0.00019979804197918863,0.00019439809489866998
관악구,인헌동,13847.083333333334,0.5225468660668612,0.19023861824090513,0.13761020672223392,0.1139409622965125,0.027268076911503625,0.005939879035898053,0.0020160683657810007,0.00043932236030451655,0.0,0.0
관악구,조원동,10014.583333333334,0.5992178073642604,0.1779654670272519,0.10790929893904723,0.08846265862284168,0.019080507593093404,0.004601622633659247,0.0020303723736218014,0.0004243811108799667,0.00028292074058664445,2.49635947576451e-05
관악구,중앙동,8835.75,0.6224900734704657,0.17121730847221042,0.10018957077780608,0.07940280489300097,0.020937667996491525,0.004470475058710353,0.0008205302322949381,0.00013203934772562225,0.00022635316752963813,0.00011317658376481907
관악구,청룡동,17769.333333333332,0.691547234936595,0.13856269227883244,0.07845914309296917,0.06754145719216628,0.01805545133938621,0.004309859683349591,0.00114429353943123,0.00022041719816913034,0.00010317400765363548,5.627673144743754e-05
관악구,청림동,6608.083333333333,0.295824558306115,0.23379194673190665,0.22381679004249846,0.1920501406106158,0.04058161090583503,0.009849048513815151,0.0025978284172162884,0.0008197031413546541,0.0002774379863046521,0.0003909353443383735
관악구,행운동,16637.083333333332,0.5959127451225926,0.17121390468080844,0.11298554935009643,0.09044053194420097,0.022069172781687497,0.0056149665656540365,0.0012021337874727643,0.0004508001703022866,5.0088907811365176e-05,6.0106689373638215e-05
광진구,광장동,11967.0,0.17721651207487257,0.14945962508008132,0.246685329099468,0.34587476671958994,0.06248433191276009,0.013676499261859,0.002994345561404975,0.001357900894125512,0.00021587142419431216,3.481797164424389e-05
광진구,구의1동,11518.833333333334,0.5102368584781445,0.20331196735780532,0.14341006757050048,0.1074038169374792,0.026449437877099823,0.007212825372939967,0.0013890295602853298,0.00044854079550880443,0.00012298699231693024,1.446905791963885e-05
광진구,구의2동,10818.0,0.3491942441609663,0.21804708202378753,0.198719726381956,0.1760029580329081,0.0434229987058606,0.009937141800702532,0.0030812842792876075,0.0010399334442595673,0.00025420595304122756,0.0003004252172305417
광진구,구의3동,12126.583333333334,0.323689690006116,0.20308001017049318,0.20655721933218343,0.2090311230835836,0.04563665225846796,0.008507480122870554,0.0021921536019351424,0.0009208419519100597,0.00026113428487001695,0.00012369518757000803
광진구,군자동,10344.5,0.5292909275460389,0.19167995875424942,0.13552290266969566,0.11009876423864534,0.024731338714614852,0.006074081234794658,0.0016031063205890407,0.0005075160713422592,0.00029806499428037446,0.00019333945574943206
광진구,능동,6113.333333333333,0.5415485278080698,0.20527535441657582,0.1270174482006543,0.08992639040348964,0.023473282442748093,0.010509814612868049,0.0017311886586695749,0.0004225736095965104,9.541984732824429e-05,0.0
광진구,자양1동,11345.25,0.47232689157723867,0.21052129011407122,0.14889491196756352,0.12919503757078954,0.029953798579434858,0.006933885693719105,0.0015865670655119985,0.0002350469726684442,0.0001615947937095554,0.0001909756652931109
광진구,자양2동,11262.5,0.33928227894931556,0.21798002219755827,0.20376618571957084,0.18179800221975584,0.042545320014798375,0.010432852386237514,0.0030928597854236036,0.0006141324454310026,0.00025157232704402514,0.00023677395486496484
광진구,자양3동,11050.583333333334,0.24684971381601273,0.20819413756438196,0.22790652077190493,0.2462615095734011,0.0540997081602027,0.011424736250725829,0.0038082454169086097,0.0009501760842187817,0.00023377348103795426,0.00027147888120536624
광진구,자양4동,10266.25,0.5119931815414587,0.20556029059620928,0.14062259020252446,0.1065221802832907,0.028296602946548156,0.005373594707577417,0.0012500507325784325,0.0003815089898128982,0.0,0.0
광진구,중곡1동,7799.25,0.45879411481873256,0.2294344541676016,0.1623980938338088,0.11563077646354886,0.025899926274962338,0.005085959120000855,0.001976685792437307,0.0006410872840337212,0.00013890224487397293,0.0
광진구,중곡2동,10218.583333333334,0.4130220268628234,0.2202767833114505,0.17818843120784844,0.14735408528579466,0.03125025484615447,0.007576066480187241,0.0016065501578007388,0.0003425132316123402,0.00019572184663562298,0.00018756676969247204
광진구,중곡3동,8415.833333333334,0.4438657292801267,0.2263095355975839,0.16513516189721753,0.12557678978116643,0.03150807010595109,0.006129319734627191,0.0011288246361025843,0.00021784335082681452,0.00011882364590553519,9.901970492127932e-06
광진구,중곡4동,13171.0,0.3545352162579404,0.22384405132488042,0.19940272821603017,0.1678624756409283,0.040714448409384256,0.010414294029812973,0.0024801963910611696,0.0003479867385417457,0.00017082985346594793,0.00022777313795459722
광진구,화양동,15220.916666666666,0.7652353395272953,0.12590678397599794,0.05484776979047473,0.04255656963279698,0.008245232711564679,0.002452765109416319,0.0006186661994733125,0.0001313981308615885,0.0,5.474922119232854e-06
구로구,가리봉동,5920.833333333333,0.6440675580577059,0.1765235749472203,0.09356790992258973,0.062111189303307536,0.01887403237156932,0.0036171710063335684,0.0006474313863476425,0.0002955665024630542,0.0,0.0002955665024630542
구로구,개봉1동,13974.916666666666,0.3324826027585138,0.23540390819265472,0.19534403902229588,0.17726402661912116,0.04630319799163979,0.010220693027388358,0.002224223161736206,0.0004710821173650409,0.00014907661941931678,0.00013715048986577143
구로구,개봉2동,12722.166666666666,0.24737662609880393,0.24414735435525922,0.23134817182607786,0.20713845911990883,0.052474028270865815,0.013349403272503375,0.003078616063825606,0.0007270774108183879,0.00017685666749636463,0.00018340691444067444
구로구,개봉3동,8715.166666666666,0.2857853167849152,0.24672505784934312,0.22491442121971278,0.1862653229045151,0.04483563137059915,0.0093610755196879,0.0016446424814977722,0.0003442274961274407,0.0001147424987091469,9.561874892428907e-06
구로구,고척1동,9506.083333333334,0.2921637898538655,0.21993810980687803,0.21198706091713201,0.21442409685026254,0.046198486933805544,0.01200108702322197,0.0023493727700682893,0.0006136421414357472,0.00032435370333032355,0.0
구로구,고척2동,11688.333333333334,0.30949664908027946,0.2220519036075859,0.20717239412519606,0.19992157421930698,0.04711250534721231,0.011656922857550264,0.0019677741337516042,0.0004990731498645373,3.564808213318123e-05,8.555539711963496e-05
구로구,구로1동,7834.666666666667,0.21563350918992513,0.2178990810074881,0.2384487746766508,0.2642316201497617,0.052086878829135465,0.008264550714771954,0.0021698434309053776,0.0010530122532334922,0.0001914567733151804,2.127297481279782e-05
구로구,구로2동,12914.5,0.4684076038561307,0.22341812174945475,0.152038406442371,0.11566456308800185,0.02997922232116355,0.007188302553976796,0.002277801437660511,0.0006323641385006517,0.0003161820692503258,7.743234348987572e-05
구로구,구로3동,13552.166666666666,0.5755660226532043,0.16050324056423942,0.12591467539015902,0.10422687639122896,0.025703147098249973,0.005386592549776788,0.0016971455978748787,0.0008362746424310997,9.223617379754775e-05,7.37889390380382e-05
구로구,구로4동,10673.583333333334,0.4525893366020471,0.23647166290608432,0.16148122701685624,0.11508162675764932,0.026193952359017197,0.006081993707205484,0.001077426356347056,0.0008353957980372102,0.00018737849675600976,0.0
구로구,구로5동,14303.916666666666,0.45710673649990974,0.19632152032951347,0.16311383245847583,0.1386391839065058,0.03222893496536496,0.008738865229220434,0.0028546959748786756,0.0008156274213939073,0.00011069229290345884,6.991092183376348e-05
구로구,수궁동,9812.083333333334,0.26649963905049046,0.24509745636757396,0.22206463119453052,0.19647543420102762,0.05416790521890526,0.0126035075799397,0.002403499087010064,0.0003397171854431186,0.00034821011507919655,0.0
구로구,신도림동,13318.0,0.20727586724733443,0.21058592381238425,0.2501439155028282,0.25934825048806126,0.0558141863142614,0.012764679381288481,0.00300971116784302,0.0006382339690644241,0.0003441457676327777,7.508634930169695e-05
구로구,오류1동,10301.833333333334,0.45080163724903327,0.21894161233437412,0.15979356425231755,0.12476743621685459,0.03496141463493553,0.007992104965135655,0.0016825484137127694,0.0005096180291533869,0.00015369432625260873,0.000396369578230412
구로구,오류2동,16693.666666666668,0.2640073081607795,0.23283780275952953,0.20346039416145842,0.21628961083045464,0.06452047682753938,0.013872526507058565,0.003494339170543719,0.0009484634891475809,0.00029951478604660445,0.00026956330744194404
금천구,가산동,12713.083333333334,0.6918791009262111,0.133065018321021,0.09019579566981521,0.06430383397680867,0.01541063340259706,0.00433936168120768,0.0005178392338601309,0.00012454361320686692,0.00016387317527219336,0.0
금천구,독산1동,17518.833333333332,0.4647379486837975,0.19056158610257531,0.15548029263744734,0.14207091415904788,0.035842379153862985,0.008709674350460933,0.0016363342307802082,0.0005042192687869247,0.0001712442799653706,0.0002854071332756177
금천구,독산2동,9394.583333333334,0.4144409455803433,0.2275424668470306,0.17820552623408878,0.13890983279371977,0.03131236971659201,0.007548676098815807,0.0015168315075176297,0.00012418503570319777,0.0001951479132478822,0.00020401827294096774
금천구,독산3동,12202.25,0.44400281368873223,0.2224111673393568,0.1641500542932656,0.12875357686765418,0.031053016178710213,0.007635203889992966,0.0012975749008038136,0.0004575658860729237,0.0002390269554112288,0.0
금천구,독산4동,7659.416666666667,0.4172750318235723,0.22405970863751593,0.1751656457737208,0.13674888209502464,0.0349896097396451,0.008747402434911275,0.0020236528021063396,0.0005983919576120897,0.00014143809907194845,0.00025023663681960116
금천구,시흥1동,15371.166666666666,0.39174536740867644,0.22266798226115997,0.18039185921693215,0.1564997235083002,0.03825343988203021,0.0071020417014540215,0.002683595910091405,0.00033070575861732465,0.0001680635822481486,0.00015722077049020353
금천구,시흥2동,8537.916666666666,0.2286955248645747,0.23564491728075743,0.22101410375286712,0.23303889512468892,0.05933336586794202,0.01627055780586599,0.004079839929725246,0.0012102874432677762,0.00028305109560294763,0.00042945683470792056
금천구,시흥3동,4739.166666666667,0.29650079127835416,0.25220678740988217,0.21343414805697203,0.17654299279057498,0.04814489185862493,0.009477756286266924,0.002848602074907684,0.00036926323193247756,0.00031651134165640933,0.00015825567082820467
금천구,시흥4동,9171.416666666666,0.3293929509254296,0.23693177171829144,0.1996510898897844,0.17555448540301843,0.044258884032819364,0.010603596318271442,0.0018354125589467277,0.0011721199015055836,0.0004906548424907093,0.00010903440944237986
금천구,시흥5동,9375.25,0.3962916544447704,0.23643813942739303,0.17642196208101119,0.14344506368719057,0.036141258455330075,0.009217531976925061,0.0015199594677475267,0.0004177666373341155,0.0,0.00010666382229807205
노원구,공릉1동,17932.0,0.43073834485835377,0.2041043943787642,0.16933879842367464,0.15140530894490298,0.03447747044389918,0.007788683173470146,0.0016311621681909436,0.00041824670979254965,9.294371328723325e-05,4.6471856643616626e-06
노원구,공릉2동,16100.416666666666,0.3173520354028105,0.18520742216816335,0.2015527548458891,0.23305297481949225,0.0483579617504723,0.011050438653243963,0.002127274138868042,0.0006676845837323051,0.0006262777878419297,5.175849486296938e-06
노원구,상계10동,6672.25,0.25356264128792133,0.24599398004171505,0.24154770379806914,0.21369602957523073,0.03398403836786691,0.007918368366493062,0.0023355439819151462,0.00041215482033796696,0.00029974896024579414,0.00024979080020482846
노원구,상계1동,15665.416666666666,0.2724632284490784,0.22337952496209806,0.21526185599914888,0.2173684070537543,0.05605766417533314,0.012075431550389659,0.0021331489214564993,0.0006064313642045908,0.00022342208154905977,0.00043088544298747243
노원구,상계2동,8747.916666666666,0.34432007620862115,0.19225529888068588,0.1897499404620148,0.2141366992140986,0.04577280304834485,0.010173850916884974,0.0022386282448201953,0.0008668730650154799,0.00035246487258871166,0.00013336508692545846
노원구,상계3.4동,11863.916666666666,0.38295391488196,0.23547591787422648,0.17544093785779008,0.15193830030835798,0.041407067649104075,0.009686233467025365,0.0021353263045509143,0.0007866991648345475,0.00017560249215056863,0.0
노원구,상계5동,11145.416666666666,0.34387827582339525,0.2339825787879921,0.19630640397771879,0.17369621294253992,0.04074918688549105,0.0077834685408800335,0.0025197203633780703,0.000755168417510935,0.0001046768103480504,0.0002243074507458223
노원구,상계6.7동,14070.0,0.2890073442312248,0.2240464344941957,0.2218846244965648,0.21608031272210376,0.04059464581852641,0.00611229566453447,0.001646529258469557,0.00042643923240938164,5.922767116796968e-05,0.00014214641080312722
노원구,상계8동,9296.75,0.22693414365235162,0.2346429307732989,0.2542734468138507,0.23330733858606503,0.04397594141321788,0.005467860632299818,0.001263882539597171,0.00012549188336425813,8.963705954589866e-06,0.0
노원구,상계9동,8520.25,0.23211368993476328,0.2420312393024461,0.2395567422708645,0.23511634048296706,0.04168500533043827,0.007188756198468355,0.002132175307845036,0.0001564899308510118,1.9561241356376475e-05,0.0
노원구,월계1동,10443.666666666666,0.4075117295968849,0.20323321949506878,0.17062174842807445,0.16495643292585618,0.04323992212186014,0.008378283489196005,0.0017075739682742331,0.0003431106571765983,7.979317608758098e-06,0.0
노원구,월계2동,11259.083333333334,0.32453796564255527,0.2558822876344285,0.19738877498908286,0.16972962570961223,0.04088550725710352,0.009111162098749898,0.0018873650163941705,0.0003774730032788341,8.141574580523873e-05,0.00011842290298943815
노원구,월계3동,13008.833333333334,0.26907357820967803,0.26224488488591086,0.22769144043150166,0.18817342062444747,0.03969738511011748,0.009820250342715846,0.002210036769887128,0.0008327674785081931,0.00017936530306330315,7.687084416998706e-05
노원구,중계1동,9134.833333333334,0.1522104034009013,0.14090751518911127,0.24730427484537212,0.3768632888759145,0.068747833385028,0.01089237169078071,0.00209819555182543,0.0008301556313744092,0.0001459614296922038,0.0
노원구,중계2.3동,15507.333333333334,0.29945509651347746,0.2487102876058639,0.21092708825931816,0.1905066420188298,0.04120631099264864,0.007405098662998151,0.0012091053695026009,0.0003546709083874296,9.672842956020807e-05,0.00012897123941361076
노원구,중계4동,8449.5,0.27796516559165235,0.22947117186421287,0.2012051995187092,0.22954020947985088,0.049509832928970154,0.009280628045051977,0.0020415409195810403,0.0005424384085843343,0.0001972503303943034,0.0002465629129928793
노원구,중계본동,9249.666666666666,0.23047677393779958,0.14894230422717938,0.21160221989981623,0.314128437060795,0.07604778550578399,0.01434285920213341,0.0030992107823705362,0.0011261667087102238,0.00012613067137554507,0.00010811200403618149
노원구,하계1동,12288.0,0.37011040581597227,0.18780517578125,0.18027072482638887,0.20701090494791666,0.043416341145833336,0.008260091145833334,0.0012274848090277778,0.0013563368055555557,0.00017632378472222222,0.0003662109375
노원구,하계2동,8351.416666666666,0.18544757875410361,0.20707065667501523,0.24345170978975625,0.28883323188680565,0.06277378089545686,0.010207848967740005,0.0015865571709390623,0.0004390472674296776,0.00018958859275372442,0.0
도봉구,도봉1동,10294.083333333334,0.38281699034234873,0.25947753159177195,0.17793392644642148,0.13039043463478212,0.03734345781152604,0.00795764557310429,0.002129054715896672,0.0009714318095346031,0.0005342874952440317,0.0004452395793700264
도봉구,도봉2동,12066.916666666666,0.3181494858531937,0.2511342997037354,0.2084072843794673,0.16810425198372964,0.03998535941934905,0.011380979675835446,0.002320393914490722,0.0003522026477351989,8.28712112318115e-05,8.28712112318115e-05
도봉구,방학1동,12670.833333333334,0.34561657349556063,0.22814863531732982,0.1936270963498849,0.1712989148306478,0.047583031897402164,0.00933903321275896,0.0033278526800394606,0.000631371259454127,0.0003288391976323578,9.865175928970732e-05
도봉구,방학2동,9580.0,0.37261656228253304,0.24145789839944326,0.1924321503131524,0.14592901878914405,0.03607341684064022,0.00877696590118302,0.002244258872651357,0.0003566457898399443,0.00010438413361169103,8.69867780097425e-06
도봉구,방학3동,10148.25,0.17032493287019929,0.22048136378193284,0.2556352080407952,0.2680675650153146,0.06600481199550005,0.014074676257811282,0.00328463856658373,0.001642319283291865,0.0004270030136558848,5.748117491521527e-05
도봉구,쌍문1동,9120.0,0.3220760233918129,0.24050621345029238,0.20632309941520469,0.17028508771929823,0.04582419590643275,0.01120248538011696,0.002805190058479532,0.00066703216374269,0.00012792397660818714,0.00018274853801169592
도봉구,쌍문2동,8619.666666666666,0.3335395800301636,0.24802776596156076,0.20697822808306587,0.15993464557794193,0.03751111798600101,0.010972968792296686,0.0023299431532541864,0.0002900344174175336,6.767469739742451e-05,0.0003480413009010403
도봉구,쌍문3동,7639.333333333333,0.38093420019198887,0.23728074002967103,0.1860000872676499,0.14823501178113274,0.03735055414957675,0.007745003927044245,0.002018064403525613,0.00030543677458766036,0.0,0.000130901474823283
도봉구,쌍문4동,7178.666666666667,0.20779160475482913,0.2055279531946508,0.24012119242199106,0.27224182763744426,0.061002507429420504,0.010157410846953938,0.002298476968796434,0.0007313335809806835,0.0001276931649331352,0.0
도봉구,창1동,10898.916666666666,0.3099390612216811,0.22801195837506788,0.21463906963230292,0.1960745334016378,0.040378630903683085,0.008487082049439165,0.0020567793435127346,0.0002676106952525863,0.00012998233769411334,1.5292039728719214e-05
도봉구,창2동,12374.666666666666,0.2856709945049025,0.2383767912940416,0.22253124663290594,0.19051018209244694,0.04581268182307941,0.012209083072944727,0.0032660812412455553,0.0010437991595733218,0.0005454692382286392,3.367094063139748e-05
도봉구,창3동,6664.0,0.3694227691076431,0.24369747899159663,0.18876300520208084,0.15029761904761904,0.03675220088035214,0.008415866346538617,0.0021758703481392556,0.0001250500200080032,0.00030012004801920766,5.002000800320128e-05
도봉구,창4동,10563.5,0.2493018412457992,0.20786986636373678,0.22338713494580395,0.24957794922768653,0.054795601205408564,0.011075874473422634,0.002690080623530711,0.0011202095265142552,0.00018144238809737935,0.0
도봉구,창5동,9890.916666666666,0.2509036068446639,0.22539198422795328,0.23706936498976336,0.22085078059836044,0.051158049051739395,0.009849103975870117,0.003243716878280578,0.0010363043533208078,0.0004970890800481924,0.0
동대문구,답십리1동,11397.916666666666,0.3813343081703528,0.20041674282580885,0.19097057210747578,0.16874428806433925,0.04460610491683422,0.01011149698409797,0.0027563516724547618,0.0008481082069091573,0.00010966916468652898,0.00010235788704076038
동대문구,답십리2동,12006.5,0.3308277460819834,0.23294326684157193,0.19760129929621456,0.18072849428781632,0.04342092477685698,0.010799705714959952,0.002783214647621427,0.0006524243812379405,0.00020822054720359806,3.470342453393301e-05
동대문구,용신동,16377.333333333334,0.5628307416754864,0.1837244565659855,0.12045611821216315,0.09774179760644794,0.026688309045021574,0.00617214849792396,0.002014980053732801,0.0002951233412032891,4.579500122120003e-05,3.0530000814133355e-05
동대문구,이문1동,13995.833333333334,0.5575826138731765,0.17810062518606726,0.12494790116105983,0.10400714498362608,0.02613873176540637,0.007299791604644239,0.0010300684727597498,0.0005656445370646026,0.00020244120273891039,0.00012503721345638583
동대문구,이문2동,8694.333333333334,0.31887627956906794,0.2204021776636123,0.19648813403366175,0.19848176973507647,0.05025303837748725,0.011357972625848253,0.002770003450523329,0.0011789288042019705,6.709350918222597e-05,0.00012460223133841964
동대문구,장안1동,17108.25,0.4005767198086693,0.2104735044983171,0.1817398038957813,0.15411180765615032,0.04027296772025193,0.009425277278505983,0.0025231491629282166,0.0006234808742370884,0.00022406343917895363,2.9225665979863517e-05
동대문구,장안2동,12611.166666666666,0.33038841238584854,0.20755415174382494,0.20901449773349015,0.1934462843776019,0.04546235479138859,0.01122682278932692,0.0019162911176602748,0.0007466927458469345,0.00011233430689732645,0.00013215800811450172
동대문구,전농1동,14235.666666666666,0.4708595780551198,0.19643149834921678,0.1588673987870841,0.13205680567588451,0.03166928138244316,0.007264617041702766,0.00201957524527595,0.00045074577938042945,0.0002692766993701267,0.00011122298452244363
동대문구,전농2동,7660.333333333333,0.2672316261259301,0.2312671337191593,0.22525129454766982,0.20252599973891477,0.05347896088072756,0.015295243897132415,0.004253513772246639,0.0003481136591096993,8.702841477742483e-05,0.0002610852443322745
동대문구,제기동,12736.083333333334,0.5155889107718882,0.196286142390714,0.13613552047005553,0.10962292175119248,0.031210536991356577,0.008937860278866474,0.001537626036261802,0.00044493008708852146,0.00015703414838418402,7.851707419209201e-05
동대문구,청량리동,10519.75,0.45757582959037363,0.21789174330822184,0.15516053138144917,0.12283245007406704,0.035433351553031206,0.008872200701854448,0.0016873024549062478,0.00035647234962808054,9.50592932341548e-05,9.50592932341548e-05
동대문구,회기동,5873.75,0.6257501596084273,0.1474072497694545,0.10410725686316237,0.09170745548698304,0.024359792863729874,0.005291906079307654,0.0007093707881109456,0.00065262112506207,1.4187415762218912e-05,0.0
동대문구,휘경1동,6855.583333333333,0.5563348608798182,0.1775560066612372,0.12562752987224526,0.10453766394787703,0.026158727071608302,0.0071717699685171455,0.0018719535172061702,0.0003646662695856176,0.0003768218119051382,0.0
동대문구,휘경2동,11126.916666666666,0.4411225032391423,0.18297971136058958,0.16537225796304758,0.1581300599896647,0.040315151696711425,0.008687641829497541,0.002261782614231256,0.0007264666012597082,0.00022468039214217778,0.0001797443137137422
동작구,노량진1동,14636.666666666666,0.4221988157595081,0.20661011159189252,0.17271692097472102,0.14793896606695514,0.03916533819175587,0.008722386700068321,0.0018162149851969939,0.0004782509678888636,0.0002846731951719426,6.832156684126623e-05
동작구,노량진2동,7166.833333333333,0.5461152066231018,0.1976465663589219,0.13495034999186065,0.09306760307899817,0.021441361828794678,0.005034766633334109,0.0010348596544266413,0.0005697541917629822,0.00012790400223250623,1.1627636566591474e-05
동작구,대방동,16785.583333333332,0.3811504912449672,0.18697096218481138,0.17237510363556027,0.1986675073351636,0.04576844216515165,0.010519940226484038,0.003475204416488356,0.0006851117278219901,0.00016383106534873678,0.00022340599820282287
동작구,사당1동,12410.75,0.5405528809029806,0.2032847867104459,0.13270753177688696,0.09624049043503952,0.020204258405011784,0.005116532038756723,0.001094481262883656,0.0004498788013080058,0.0002618697500151079,8.728991667170261e-05
동작구,사당2동,11843.75,0.33787862796833773,0.23633421284080916,0.20258927000879506,0.16752154793315743,0.04091468777484608,0.011194371152154794,0.0026244503078276162,0.0006965699208443272,0.0001266490765171504,0.00011961301671064205
동작구,사당3동,10354.916666666666,0.3209666905415302,0.22359748589639386,0.20320459685012757,0.19073869900771775,0.04561440217609992,0.011347266596383361,0.0034524662197506824,0.0006518642512815974,0.00016900184292485858,0.0002575266177902607
동작구,사당4동,6758.75,0.41404352382713766,0.22353738980334134,0.17376240675667345,0.14545342457308427,0.0348930398865668,0.005227791134948524,0.002096048332408606,0.000863078725109426,0.00012329696072991802,0.0
동작구,사당5동,5673.0,0.3824255244138904,0.21029437687290675,0.1920500616957518,0.16722486632587108,0.0375315823491392,0.007300663963805159,0.0022915564956812974,0.0005288207297726071,0.0002497209001703978,0.00010282625301134027
동작구,상도1동,21008.333333333332,0.43713605712019044,0.18238794129313765,0.1745854819516065,0.15877429591431974,0.03631892106307021,0.008318127727092424,0.0020031733439111465,0.00035303451011503377,2.7766759222530745e-05,9.520031733439112e-05
동작구,상도2동,11834.75,0.3963328333931853,0.20477125977875887,0.17782378165994212,0.1707823711245837,0.03903053859749185,0.009034129716864884,0.0015843173704556497,0.00046473309533365725,8.449692642430131e-05,9.153833695965975e-05
동작구,상도3동,11512.083333333334,0.4033732672192262,0.21981251583481123,0.1824387419016251,0.1429005754822831,0.03788772666401245,0.008990553404031995,0.003394983531796301,0.0006659669188171848,0.00036193854283542653,0.00017373050056100473
동작구,상도4동,12966.5,0.37040964536819243,0.2298358590727387,0.19029807581074307,0.16136454196069358,0.03888867466162804,0.0066324759958354225,0.0019987403437062173,0.0003084872556202522,5.7841360428797286e-05,0.00020565817041350145
동작구,신대방1동,9910.416666666666,0.3475467731763717,0.19529955854530168,0.18432625604372505,0.20749211688038682,0.0500651671221358,0.0116123607315535,0.0029346226613411815,0.0005297456380071474,5.045196552449023e-05,0.0001429472356527223
동작구,신대방2동,8990.416666666666,0.4154052926727534,0.18516939333549615,0.16894841729619503,0.16957871807943645,0.04606757195161515,0.01032580989016082,0.0038096120869444317,0.000695184687398619,0.0,0.0
동작구,흑석동,13004.583333333334,0.3969369773477299,0.20123033545865238,0.18403127102624073,0.16619140687578096,0.04091506199737272,0.007939508506616257,0.0018070552048957097,0.0006728397039505302,0.00026272788439973084,1.281599436096248e-05
마포구,공덕동,18408.75,0.42828817817613907,0.21312781512414838,0.17344107195400738,0.14573232837645142,0.029972159978271202,0.007446639958353139,0.0014802743260677667,0.0004164686177316041,9.506348883004007e-05,0.0
마포구,대흥동,7185.083333333333,0.6515466069750989,0.16535414806137716,0.08923580102295264,0.07241855232483967,0.016295334083343965,0.0033286554319713296,0.0012293988703448117,0.00017397153825634128,0.0,0.00041753169181521905
마포구,도화동,9626.25,0.3687573042462018,0.2114530580444098,0.18994070034194693,0.17464398562957192,0.0413279660650132,0.010319006189672337,0.002449898281608449,0.00042418733497814133,0.0004761286413019954,0.00020776522529541617
마포구,망원1동,10325.75,0.4644618227893051,0.22122686810481887,0.14674478851415151,0.12524513957823888,0.03373443414118425,0.006093181286266534,0.0017674260949567828,0.00043580369464687796,0.00019369053095416797,9.684526547708399e-05
마포구,망원2동,8213.916666666666,0.34452707295545165,0.22952915275903701,0.18777075491797457,0.18448365071474226,0.04179897937443566,0.008917791958769163,0.0020290766686619256,0.0005579960838820295,0.00038552456704576586,0.0
마포구,상암동,12624.5,0.3077943680937859,0.18940684119503082,0.19848310824191057,0.22140810857195664,0.06521050338627273,0.012838792295404439,0.0035975022113086987,0.0008383170290572565,0.0003432479174092703,7.921105786367777e-05
마포구,서강동,11512.916666666666,0.44036046469545076,0.19217545510477363,0.1695559335528935,0.15529658716658826,0.03407042814230393,0.006355180775216243,0.0014693641200101337,0.0004922007889689118,9.409720965582135e-05,0.00013028844413882958
마포구,서교동,13919.916666666666,0.6011769706475734,0.1755637904920408,0.10889073809110447,0.08560276342650519,0.02155783978591826,0.004789300702231216,0.001472709965936099,0.0006824753500679482,0.00026341153862271687,0.0
마포구,성산1동,9299.416666666666,0.43587859453549954,0.21269255240024018,0.1684514261647236,0.13411235471758984,0.03707221779143853,0.007975410644036814,0.002822757699855726,0.0005376681333058525,0.00034948428664880414,0.00010753362666117051
마포구,성산2동,17827.5,0.38907119151124203,0.20705838358341513,0.1818912728462581,0.17167297714205582,0.04023746085168046,0.007600617024260272,0.0017529098303183284,0.00048614032627494974,0.00017295376992474174,5.609311457018651e-05
마포구,신수동,9190.333333333334,0.3811160277102753,0.20282180552029305,0.19239418229298902,0.17396902542526566,0.03762105110442131,0.008305828588009139,0.0029560044974792352,0.0007707373689746472,4.533749229262631e-05,0.0
마포구,아현동,10257.916666666666,0.3105975059913076,0.2200008123806816,0.2297493805597303,0.1930297737519802,0.035955968967057966,0.007408911816077014,0.002331532556155815,0.00047930460213656126,0.00023559039766034363,0.00021121897721272187
마포구,연남동,8745.666666666666,0.5367324770362465,0.20894157106376493,0.1254907192133247,0.09491367153256852,0.02515531501314937,0.006193543469146625,0.0016484354156344094,0.0004668978922895148,0.0001238708693829325,0.0003334984944925106
마포구,염리동,5105.5,0.4669637319230895,0.20414259132308296,0.15450657787353508,0.1298273104168707,0.03368915875036725,0.00780204354780792,0.001681193484151079,0.0011425586785492768,0.0,0.0002448340025462736
마포구,용강동,9111.416666666666,0.34010444771669246,0.211181942069016,0.2069747660901616,0.18848148385267569,0.0413217849401392,0.009027136285063611,0.001957251433640945,0.000640222431564795,0.00029267311157247773,1.8292069473279858e-05
마포구,합정동,9594.833333333334,0.5041602251211589,0.22131702826173807,0.1348642498566937,0.10628984349215724,0.023901752679393422,0.006670256561691188,0.0013983220135836995,0.0003734648856155222,0.0001910750577567788,0.0008337820702113985
서대문구,남가좌1동,6082.416666666667,0.23711792187863923,0.19074107057227802,0.24302292126210798,0.24599597199578016,0.06306429735987613,0.014988559919987944,0.004206113249941771,0.0006165312581347874,0.00021921111400347994,2.7401389250434993e-05
서대문구,남가좌2동,10228.5,0.41340372488634697,0.21670658780205637,0.1702351273402747,0.15092633328445032,0.03801469749555979,0.008187906340128073,0.0015398152221733391,0.000586596275113653,0.0002199736031676199,0.00017923775072917176
서대문구,북가좌1동,7022.0,0.21410092091521885,0.22742808316718882,0.24016187221114593,0.24210813633342826,0.05752159878477167,0.013837463210861104,0.0038331909237634106,0.0007357827779360107,0.00027295167568593945,0.0
서대문구,북가좌2동,14728.0,0.36019260365743255,0.23333672822741264,0.19309591707405394,0.16434682237914178,0.03794925764982799,0.00832314865109542,0.0025801195002715916,0.0001754028607640775,0.0,0.0
서대문구,북아현동,7555.5,0.3701608100059559,0.22111927293583042,0.19715218494253633,0.1696666887256524,0.03258112192001412,0.007345642247369466,0.0014779520437650277,9.926543577526305e-05,0.0003970617431010522,0.0
서대문구,신촌동,11774.166666666666,0.7246301932196192,0.12492037653054003,0.07246089602944299,0.05705286998372143,0.014169438743010831,0.004550923632245736,0.0015570811805506405,0.0004883572793545191,0.0,0.00016986340151461533
서대문구,연희동,18558.75,0.5062930782874205,0.18856783637547428,0.1414023034956557,0.11894658853640466,0.033910329808491055,0.007660357872521946,0.0022092005118879237,0.0007543611504007544,0.0002334927370288049,2.2451224714308165e-05
서대문구,천연동,8320.416666666666,0.3980569883319145,0.20316490560368575,0.18620862336621763,0.16575692323100807,0.03675697330862837,0.007321348089538785,0.0021833842455806505,0.00021032600530822778,0.00012018628874755872,0.00022034152937052431
서대문구,충현동,8804.0,0.49197334544903826,0.1904626684840224,0.1435616386490989,0.12901332727548084,0.033687339088293196,0.008594578222020295,0.002290625473269726,0.00032182341359987884,9.465394517643495e-05,0.0
서대문구,홍은1동,9752.0,0.33194900191413723,0.21946780147662018,0.2005144243915778,0.1850475116215477,0.04836614711512169,0.010878110473065354,0.002640484003281378,0.0008203445447087777,8.545255674049768e-06,0.00030762920426579164
서대문구,홍은2동,12503.75,0.37390116298443804,0.22315971875104137,0.18516445066480056,0.16254456996234465,0.039981338931653836,0.010556832950114966,0.0031857109533806527,0.0011663167716351763,0.00033323336332433606,6.66466726648672e-06
서대문구,홍제1동,9573.083333333334,0.3331650373878148,0.23519938717062597,0.1971761101003682,0.17451709219425995,0.04284582640563385,0.012239177555124176,0.003098966720927601,0.0009749558223143014,0.000417838209563272,0.000365608433367863
서대문구,홍제2동,5840.583333333333,0.2804229029634597,0.2425984847403941,0.21956996304592866,0.19841054689172027,0.045172428553084024,0.009531011457188923,0.0027822563385506587,0.0008132749297301925,0.00018548375590337723,0.0005136473240401216
서대문구,홍제3동,7134.166666666667,0.3636140637775961,0.2298563251956547,0.19121597944165403,0.16062375890666977,0.040474243663123466,0.010536152318654363,0.0022894521668029434,0.0012381731106179184,1.1680878402055833e-05,0.00014017054082467002
서초구,내곡동,7202.666666666667,0.27400731210662715,0.2370302665679378,0.21725749722325063,0.1981210662717512,0.05217974824139207,0.014948167345427619,0.004280821917808219,0.0013883746760459089,0.0003470936690114772,0.0004396519807478711
서초구,반포1동,13138.5,0.4673288427141607,0.15381004934606943,0.15268105187045705,0.17163298702287172,0.0420266138955487,0.008664104222957974,0.002600499803376844,0.0007928353059075744,0.0003869036292828963,7.611218936712714e-05
서초구,반포2동,7121.75,0.1505950082493769,0.1768291969436351,0.24574952317431345,0.32109383227437077,0.08355858227729608,0.016370040135266377,0.004048630369408268,0.0013222405541709083,0.00015211616994886555,0.0002808298522132903
서초구,반포3동,6750.416666666667,0.19209925313252268,0.19153138695142274,0.25178692673291775,0.2930066045305845,0.056848342694895374,0.010258626010740077,0.0030491944941670266,0.0009011789395716313,0.0002222085056477995,0.00029627800753039934
서초구,반포4동,7361.083333333333,0.2528726523496315,0.2041252985860324,0.2343971109324941,0.23314050241699028,0.05616247608481542,0.012645330737097121,0.004143411861931554,0.0014943452616802328,0.0007245310359661734,0.000294340733361258
서초구,반포본동,4234.166666666667,0.1718362527061602,0.19017909860263726,0.23387128518008266,0.32013383192284983,0.06603030899429245,0.013993308403857508,0.0026963196221216294,0.000787246604999016,0.00023617398149970476,0.00023617398149970476
서초구,방배1동,7485.25,0.3736570811484809,0.22266012045912517,0.18792514166750166,0.16410050877837523,0.03764069336361511,0.01083241486033644,0.002026207096178039,0.000556650301147813,0.00012246306625251883,0.00047871925898711914
서초구,방배2동,10511.833333333334,0.34493665868624246,0.22679995560558736,0.19364684244740052,0.17831491493713433,0.043284552329913906,0.008427010829065655,0.003226522490526549,0.00045187170014745283,0.0004280889790870606,0.0004835819948946425
서초구,방배3동,8416.416666666666,0.2735328772141747,0.2151351030228621,0.2179272651662921,0.22284820341198255,0.052843153757042294,0.012376605245700369,0.0034951533213857843,0.0013861797875184413,0.00015842054714496472,0.00029703852589680886
서초구,방배4동,10115.333333333334,0.33511006392934817,0.20124563369142556,0.18998385289659261,0.20644401239043036,0.05073156264417056,0.012052659329071376,0.0030728926382389767,0.0009968364858630463,0.00016476636129967705,0.00019771963355961247
서초구,방배본동,7855.75,0.26545311820428774,0.18782420520001272,0.2142273706096384,0.24937147948954588,0.06199280781593101,0.014490447549035208,0.004370471735140927,0.0013790323436124283,0.0003818858797695955,0.0005091811730261273
서초구,서초1동,9141.333333333334,0.4058306592765461,0.18839337806301049,0.17124598891481912,0.1709816219369895,0.045498468494749124,0.012598453908984831,0.0036373249708284714,0.0014129959159859976,0.0004011085180863477,0.0
서초구,서초2동,7718.666666666667,0.42228795992399376,0.17788046294696838,0.17361590948350317,0.17532173086888928,0.03761444118155122,0.00987864916220418,0.0022240456037312143,0.0005830022456382795,0.00044264985316980475,0.00015114873035066505
서초구,서초3동,12825.583333333334,0.3892805395466093,0.19455905189497555,0.17835446081074935,0.1709214005860682,0.046989415686096145,0.013885008479146498,0.0033916585990240856,0.0014944089612558234,0.0005652764331706809,0.0005587790029043514
서초구,서초4동,10782.583333333334,0.20325215818720005,0.17365195415446205,0.2335170143209342,0.3118764056232659,0.059300878731905614,0.012288335355627516,0.004899877116646444,0.000811493844239553,0.0002859549736844139,0.00011592769203422184
서초구,양재1동,18318.083333333332,0.3182192460091804,0.21153504960944786,0.18884799628782126,0.19689105028273518,0.06354831518945304,0.01574491508845995,0.004003330042717352,0.000837059918022719,0.0003184467079434257,5.4590864218872976e-05
서초구,양재2동,10998.833333333334,0.451479702392678,0.20558241025563315,0.15285712120982528,0.13790856606003665,0.03931477580955556,0.008402406315821375,0.0025305714242419646,0.0012955919567226826,0.0003030624460170018,0.00032579212946827696
서초구,잠원동,13925.75,0.33073622605604724,0.18753029459813655,0.21019813415196067,0.21869558192556954,0.0417152876266389,0.008234146574989977,0.001657600727668767,0.000706125941750594,0.00041888827053001334,0.00010771412670771772
성동구,금호1가동,6245.166666666667,0.310159856956046,0.2419737930666382,0.21042939873502176,0.18354193909957034,0.03977742787755864,0.010781671159029648,0.002748792399455579,0.00044034053000987426,0.0001467801766699581,0.0
성동구,금호2.3가동,10294.666666666666,0.33838719077839663,0.24044812848076677,0.20661183784483877,0.1637579329102448,0.038126538013210726,0.008297176531537366,0.0027846133920476626,0.0012951690195570523,0.00019427535293355783,9.713767646677892e-05
성동구,금호4가동,6390.25,0.33500254293650483,0.23891866515394547,0.21900551621611047,0.1604788545049098,0.03656612286947563,0.00761576881446996,0.0017213724032706075,0.0006129129011645344,6.520350012388666e-05,1.3040700024777329e-05
성동구,마장동,10533.0,0.41593879553150415,0.20994335263774172,0.1691746574258679,0.15327225545112189,0.038640463305800815,0.009145859046172346,0.00217570176271401,0.0010680717744232413,0.0004588752808633184,0.0001819677837906263
성동구,사근동,6950.333333333333,0.6786485060668553,0.13132463670807157,0.08707016450050357,0.07665099995204067,0.019471488178025038,0.004256390580787492,0.0019423528847537289,0.00035969497865809795,0.00027576615030454175,0.0
성동구,성수1가1동,7632.5,0.39686647013866144,0.21176984386941805,0.1748880882192379,0.16987662408559887,0.03573534228627579,0.008472540670378862,0.0016158969319794738,0.0005131564581286166,0.00012010044764712304,0.00014193689267387268
성동구,성수1가2동,7282.5,0.4424075981233551,0.20767822405309533,0.1661746195216844,0.14281954457031695,0.03214326581988786,0.006751344547431056,0.0011214097722851584,0.000629362627302895,0.00011442956860052638,0.00016020139604073694
성동구,성수2가1동,8603.0,0.47266457437328063,0.20221628114223722,0.15547870897748847,0.131649812081057,0.02866248207989461,0.006974311286760433,0.0018791894300437832,0.0004165213685148592,5.81192607230036e-05,0.0
성동구,성수2가3동,5650.75,0.4933268445191641,0.19010750785293987,0.1445383356191656,0.12688581161792684,0.032576796590423104,0.009821705083396009,0.0020351280803433173,0.0005309029774808653,0.00017696765916028846,0.0
성동구,송정동,5496.083333333333,0.47794641638742746,0.20285657968553367,0.15086500993131471,0.12672660834230437,0.03228056343153458,0.006838202962715874,0.002031749882492078,0.00018194775067093233,0.0002729216260063985,0.0
성동구,옥수동,10952.0,0.28288592646700755,0.25119460676893113,0.23201241782322862,0.17929754078402727,0.039726381787192594,0.010660153396639883,0.0029294497199902608,0.0009967738008278548,0.00023587776966155346,6.0871682493304114e-05
성동구,왕십리2동,7672.916666666667,0.3793212055389628,0.21380396415965244,0.1905511811023622,0.16352973119739342,0.0370784686396959,0.012522400217214227,0.0019983708932935105,0.0003366820526744502,0.000456149877816997,0.0004018463209340212
성동구,왕십리도선동,11528.583333333334,0.35920140520300986,0.21138040956174145,0.19836204217054712,0.1801898180609066,0.038657539593618756,0.009136710928633902,0.0024721164063234136,0.0005421307908603977,0.0,5.782728435844241e-05
성동구,용답동,8052.25,0.5450132985604438,0.18738033882869176,0.12536868577105778,0.10995891417512703,0.024496258809649476,0.006354331605037929,0.0011797944673848924,0.0001241888913036729,0.0,0.0001241888913036729
성동구,응봉동,6234.0,0.26384878622607205,0.2196289166934018,0.2242139878087905,0.22315795102128116,0.053296438883541866,0.011429258902791145,0.002940861939899476,0.0012431825473211422,8.020532563362207e-05,0.00016041065126724414
성동구,행당1동,6713.25,0.4195682667361809,0.2042105785821572,0.17791928896833378,0.15121836169763775,0.035216425228714356,0.008006554202509961,0.0026191983515187625,0.0009930609863578247,9.930609863578246e-05,0.0001489591479536737
성동구,행당2동,9476.0,0.24303503588011818,0.23366926973406502,0.23563036442943577,0.2257017728999578,0.04611650485436893,0.010605740818910933,0.0038078654847333616,0.001011326860841424,0.0002374419586323343,0.00018467707893626002
성북구,길음1동,12996.25,0.19867910615241577,0.1838607290564586,0.24514763874194478,0.2946683338142413,0.058478407232855634,0.01440800230835818,0.0035074220127600912,0.000602737969286012,0.00018595107563079092,0.00046167163604886026
성북구,길음2동,5006.083333333333,0.38286751119471313,0.19556206615284738,0.17796680705142076,0.18306060959166348,0.04581093003512394,0.011003279343465452,0.0030962329166181147,0.000599270887087377,3.3292827060409835e-05,0.0
성북구,돈암1동,6390.083333333333,0.27534852179809866,0.2347387227605274,0.22028925027060162,0.20452263272518617,0.04933425490017084,0.012115126302473887,0.002947275074659955,0.00032602600383406586,6.520520076681316e-05,0.0003129849636807032
성북구,돈암2동,8517.75,0.17663115259311438,0.20393687691389548,0.25224775713461106,0.27513134337119544,0.06742782229266336,0.016690636220441625,0.005488538639899034,0.0017805954232827526,0.00035220568812186317,0.0003130717227749895
성북구,동선동,8858.416666666666,0.6122331868938204,0.16344154805693267,0.10924638526448482,0.08345170788609703,0.02266206338604529,0.0060864902493861775,0.0017685628545357052,0.0007902089350053152,6.585074458377627e-05,0.0002539957291088513
성북구,보문동,7991.0,0.4568994285237559,0.19920327034580568,0.16375714345305134,0.14293163141867934,0.029710507654444582,0.005881616818921287,0.0011262670504317356,0.00021899637091728194,0.0,0.0002711383639928252
성북구,삼선동,12608.333333333334,0.47302048909451416,0.19284864507600794,0.15051553205551882,0.1391936549900859,0.033787177792465296,0.008096497025776602,0.0017779246530072704,0.0005551883674818241,0.00018506278916060806,1.982815598149372e-05
성북구,석관동,14731.5,0.38890020251388746,0.22457545622192807,0.1882360927264705,0.14963400423129575,0.03722748305784656,0.008553100498930863,0.0020986774372376655,0.0005713380624285827,9.616581248797928e-05,0.00010747943748656506
성북구,성북동,8013.333333333333,0.45059276206322796,0.21149126455906822,0.15160149750415974,0.12917013311148087,0.04056780366056572,0.010784109816971714,0.003785357737104825,0.001112728785357737,0.00014559068219633945,0.0007487520798668886
성북구,안암동,8731.25,0.622992125984252,0.15745168217609162,0.10439513242662848,0.0883989501312336,0.02110236220472441,0.004018134096874255,0.0009830589358148414,0.0002863278453829635,0.00025769506084466715,0.0001145311381531854
성북구,월곡1동,10745.0,0.2866914844113541,0.21725608810299363,0.21160229564138358,0.21584457887389483,0.05183806421591438,0.012664805335815108,0.003125484721575927,0.0006902435241197456,0.00017062199472622923,0.00011633317822242904
성북구,월곡2동,8853.5,0.4097626174206058,0.19945972402627962,0.174940230793848,0.1580448410233241,0.042120818508687714,0.011822066602661848,0.002456655559948043,0.0008565350802883982,0.00019766194160501498,0.00033884904275145424
성북구,장위1동,8968.5,0.35825388861013546,0.23191354927431193,0.18995186857705673,0.16383267361691847,0.04243556150229507,0.009059485978703239,0.003493709464607608,0.000613257512404527,0.00022300273178346434,0.00022300273178346434
성북구,장위2동,7255.333333333333,0.3800882109712395,0.23514885601396673,0.18651796379674723,0.14330837085362494,0.04076311678765047,0.010038592299917302,0.003043737939906276,0.000849949462464394,0.00024120187448313884,0.0
성북구,장위3동,4887.083333333333,0.3522550942109302,0.21335152186887205,0.1888481541478387,0.18410776707306678,0.047113990962571406,0.010350413504987638,0.0035297126779776622,0.00044334555375564837,0.0,0.0
성북구,정릉1동,7032.333333333333,0.2873631321988908,0.21207991657581649,0.2237166421766128,0.20756505664312463,0.05157131345688961,0.012963928520642747,0.0037446082381381238,0.0005095511210124662,0.0001540503389107456,0.00033180072996160596
성북구,정릉2동,9632.166666666666,0.3021386673126503,0.2306161645874068,0.2136850483622584,0.19190040316301285,0.0460090322357379,0.011221082137975187,0.003521187687090132,0.0004931393075285935,0.00019898603637118683,0.00021628916996868137
성북구,정릉3동,7571.25,0.48880083649771616,0.19348412305321666,0.152429695668923,0.12161135875846128,0.03362500687909306,0.0071542567827857576,0.0018050740190413295,0.0005063012492432997,0.00018711133124208905,0.00039623576027736503
성북구,정릉4동,11038.0,0.32132934710394395,0.2269432868273238,0.21354261037627592,0.18127529141752732,0.04235368726218518,0.010992329528296188,0.0027329830283263877,0.000717219303013831,6.79470918644682e-05,4.52980612429788e-05
성북구,종암동,17011.75,0.35784090408100283,0.20154696998643093,0.1939688744544212,0.18550413684659134,0.04714878441861263,0.009900020084157518,0.003174276602936206,0.0004702632004349935,0.0002547259002356214,0.0001910444251767161
송파구,가락1동,362.5,0.3705747126436782,0.16022988505747127,0.17471264367816092,0.2264367816091954,0.05931034482758621,0.003218390804597701,0.005517241379310344,0.0,0.0,0.0
송파구,가락2동,12247.083333333334,0.22267886911849757,0.1923383118429558,0.23883237505528526,0.2716633211989249,0.05705440070765148,0.013214030551491852,0.0032456707379307998,0.0007348688463239547,0.0001428911645629912,9.526077637532746e-05
송파구,가락본동,11627.333333333334,0.35643025055902755,0.20083424115589701,0.1968708789633622,0.1907359096382088,0.044378189324006646,0.007941058425548993,0.002200275213577203,0.00035118399174359266,7.167020239665157e-05,0.00018634252623129407
송파구,거여1동,5327.583333333333,0.31923480001877025,0.2185637640581252,0.1994650482551501,0.1956640753312165,0.05164943454662058,0.012419639924293381,0.002127293488292065,0.000688242010918021,0.0,0.00018770236661400574
송파구,거여2동,7242.833333333333,0.33072922659180337,0.24134201624594429,0.19875969349011666,0.1771981498952988,0.03850933106288976,0.010286029868605748,0.00182939457394666,0.000793888211335343,0.00013806751501484226,0.0004142025450445268
송파구,마천1동,9271.666666666666,0.38188926838037035,0.22154413086464142,0.1751662771885673,0.1585205824195578,0.04973036131583678,0.00947330577026784,0.003154772604709689,0.0003055905087183175,0.00021571094733057705,0.0
송파구,마천2동,8589.083333333334,0.34597211576710746,0.236666699007461,0.1905519603372498,0.16748973988299098,0.04309734255692788,0.012040477738214206,0.0027069244874792613,0.0011157574052333874,9.702238306377281e-05,0.00026196043427218656
송파구,문정1동,8477.75,0.30801214945003097,0.2109738236363815,0.20785782391161178,0.20944039790431815,0.04876490421004001,0.011628478468147012,0.0016415519054780651,0.0010714320820186174,0.0005701198234594478,3.931860851444467e-05
송파구,문정2동,14723.25,0.5179393136705551,0.18569269692493165,0.1318606059576973,0.12594592452979697,0.028260291262685432,0.007024037944520854,0.0017545944905732996,0.0011150164988481938,0.0002829991113827903,0.00012451960900842772
송파구,방이1동,6170.333333333333,0.27428285884068937,0.19335800334935985,0.21196855923504945,0.24394954351466697,0.05679055696612825,0.014869537032035007,0.0034438982226784078,0.0008643509264761493,0.00017557128194046782,0.0002971206309761763
송파구,방이2동,12579.916666666666,0.5023483197424466,0.197841798104121,0.14912658403937493,0.11505773090706749,0.027861869779211575,0.006233480613941534,0.001357984618340079,5.961883690273518e-05,3.3121576057075105e-05,7.949178253698024e-05
송파구,삼전동,16201.25,0.484833989146928,0.19749504925031502,0.15508062649486923,0.1270015173726307,0.02858318545379729,0.004778437877735772,0.0017179744361288994,0.00021603271352519095,0.00012859090090785178,0.00016459635316205026
송파구,석촌동,16461.0,0.47294615555960556,0.2063463135086973,0.15765040601016544,0.12386347528501712,0.028542210882287426,0.007937954356762448,0.001675677864852277,0.0007340582791648949,0.00026324848632120363,4.049976712633902e-05
송파구,송파1동,12180.25,0.44630309996373907,0.21077153588801542,0.16466547621491076,0.1332827049253231,0.03366789132680637,0.007997920130265526,0.002216703269637323,0.000711534382846548,0.000177883595711637,0.00020525030274419655
송파구,송파2동,7301.0,0.1955668173309592,0.19812354471990137,0.24104004017714467,0.2782381408939415,0.06763913619138931,0.01445007533214628,0.003001871889695476,0.0014153312331644068,0.00041090261607998904,0.00011413961557777473
송파구,오금동,15022.833333333334,0.2650354460432453,0.2154442681695641,0.22790862797741215,0.22415323341136267,0.05271420171516691,0.011055393456627134,0.0030342700555820584,0.0005990880548498396,0.0,5.5471116189799974e-05
송파구,오륜동,6022.833333333333,0.10745219581038824,0.1692586545645737,0.26049478373965745,0.36219110606857235,0.07994576196142458,0.014209812657387166,0.004690483438027506,0.0011207349807676344,0.0004565957329053325,0.00017987104629604007
송파구,위례동,9089.416666666666,0.11891118792001687,0.18640726852658313,0.25587450606474565,0.3249566803883638,0.09132415904944396,0.01813464377068569,0.0030713375445802354,0.0008984808339369047,0.0003208860121203231,0.00010084988952353012
송파구,잠실2동,12058.0,0.15775833471554154,0.15126195610106707,0.25446453253718143,0.36257394813954774,0.059262177254381605,0.011465417150439541,0.002204622104273788,0.0008016807651904682,0.00012439873942610716,8.29324929507381e-05
송파구,잠실3동,12405.083333333334,0.16554369512498238,0.2006972947917856,0.26153257065315966,0.300233103364884,0.056878564566945004,0.011326002109350333,0.0026601997836908256,0.0007725327654657701,8.061211465729774e-05,0.0002754247250791006
송파구,잠실4동,10423.75,0.17055602190510452,0.20373346124635247,0.27450933365311586,0.2806011911899908,0.05484270695926769,0.012671383459247712,0.0017508094495742896,0.0008794020066354878,0.0004476955670144302,7.994563696686253e-06
송파구,잠실6동,5905.833333333333,0.16097079159023564,0.21689008042895444,0.2623536051926062,0.2763228446451249,0.06363764639480739,0.013574149851841402,0.003950896006772965,0.001566248059827854,0.0004233102864399605,0.00031042754338930437
송파구,잠실7동,3491.4166666666665,0.14103635105138793,0.22517125331169296,0.25426641525646226,0.2975392032842447,0.0631787478817099,0.013008091271451416,0.00400983363964007,0.001169534811561687,0.0006205694918490584,0.0
송파구,잠실본동,14485.5,0.4994994994994995,0.19627673650662156,0.1457319388353871,0.12158710434572503,0.027423975699837767,0.006920713817265541,0.0019617318467893183,0.0005177591384487936,5.7528793160977065e-06,7.478743110927019e-05
송파구,장지동,13377.583333333334,0.26746235929508944,0.22939494552454043,0.22366396521544127,0.2114544854264908,0.053235823610393,0.011673757716578106,0.0023609147142919433,0.0007163725386373971,3.737595853760333e-05,0.0
송파구,풍납1동,6880.666666666667,0.37140296482898943,0.23622953202209088,0.18824484061621935,0.15995300842941573,0.03325743629493266,0.008489971901947484,0.0012474566417982754,0.0007630074605173917,0.0004117818040887511,0.0
송파구,풍납2동,10388.0,0.3565973559235015,0.19200840713643946,0.20359228597099216,0.1949364651520986,0.03972532409190091,0.010348479014247208,0.002222115261198819,0.0003930817610062893,0.00013637530483891672,4.011038377615197e-05
양천구,목1동,10524.5,0.15021299507498379,0.1583448144804979,0.26539661424929134,0.3404516445753559,0.0661314076678227,0.013864474955263115,0.004212393304511695,0.0007838852202004846,0.0003008852360365496,0.0003008852360365496
양천구,목2동,12844.666666666666,0.3266465978097265,0.2173859448798464,0.20337234649919553,0.19358877874085226,0.04717911454819121,0.008797425650075259,0.0021279908652099447,0.0005125343852182488,0.0001102922094773447,0.00027897441220740127
양천구,목3동,9492.0,0.34860935524652337,0.22727033291192583,0.20524301165894088,0.16958140188228685,0.03595132743362832,0.008963688720325888,0.00331858407079646,0.0006496698974575081,0.00030727630285152407,0.00010535187526337969
양천구,목4동,10063.416666666666,0.2708573132054223,0.18492725300386714,0.20713640993367066,0.2611853164515034,0.05992828810625948,0.011982345293596442,0.0027078278583317463,0.0009688558392196157,0.00019873965932710064,0.00010765064880217952
양천구,목5동,13573.916666666666,0.11921147789571913,0.14676432127794117,0.2609661912859836,0.3856170228440575,0.06948375254010448,0.012757310282588544,0.0033888523946048487,0.0010805036620479228,0.0005525302817290514,0.00017803753522380546
양천구,신월1동,10144.75,0.409817886098721,0.22656217912384893,0.17911563452360416,0.13936601033375226,0.034648463490968236,0.008000854300664547,0.0021768238087023664,0.00018893187773643183,0.00012321644200202075,0.0
양천구,신월2동,8705.333333333334,0.2690496247511104,0.2286146423648338,0.2239814672997396,0.19895849287792922,0.05886238321335579,0.014339868279981618,0.004240695359166794,0.0011104303875019144,0.00048820646347066927,0.0003541890029100934
양천구,신월3동,8231.916666666666,0.46462447992063416,0.21731472014415437,0.15714242329145703,0.11619408197766823,0.0346314649281759,0.007643015498618184,0.0017310670864419992,0.0003340655780852981,0.00014172479070285375,0.00024295678406203498
양천구,신월4동,6907.25,0.20511057222483622,0.22390724721608937,0.24360876856443112,0.23956712150276882,0.06570391014272443,0.017481631618951103,0.0033418992121804383,0.0010013633018446802,0.000277486216173827,0.0
양천구,신월5동,6396.583333333333,0.321161036490835,0.2228142628226006,0.20906994619523445,0.1853202881746766,0.04663948201513829,0.011581703774150262,0.00291822457301424,0.00018238903581339,0.00031266691853723994,0.0
양천구,신월6동,2600.8333333333335,0.2693047100288369,0.21589234219801345,0.2155078500480615,0.2238064722845242,0.057161166292854844,0.013489266260813843,0.0037487984620314,0.0008330663248958666,0.00025632809996795894,0.0
양천구,신월7동,9348.0,0.3023195692483241,0.2616424190557695,0.21627620881471973,0.1721847810583369,0.035435387248609326,0.009083939523605762,0.0021484096419911564,0.0007755669661959777,2.6743688489516474e-05,0.0001069747539580659
양천구,신정1동,7252.916666666667,0.19411730912851152,0.16411788361004193,0.22906876543919114,0.3240765209398518,0.07178721204113286,0.012799448497730797,0.0024472913195840752,0.0012408801057046015,6.893778365025564e-05,0.00027575113460102257
양천구,신정2동,7212.75,0.2149203378276894,0.1719062308643259,0.2086582787425046,0.31682321814379627,0.07318059454900466,0.011287881413700277,0.00168682772405347,0.0007509849456402436,0.0004390373528358347,0.0003466084364493432
양천구,신정3동,17911.416666666668,0.23398949459609092,0.21595630347497172,0.2232142441738742,0.24298282752620534,0.06736857776929984,0.012831666953572442,0.0023355680966981023,0.000944462796075129,0.00020936367400680198,0.0001674909392054416
양천구,신정4동,15877.916666666666,0.39903429816044295,0.22154459810533497,0.18402918099036922,0.14570551342273075,0.03813472590337733,0.008381662161807543,0.002172829139003333,0.0004985960584669483,0.00015220300732148948,0.00034639305114545887
양천구,신정6동,8168.083333333333,0.1210300254037565,0.16780762520787212,0.27186100370343924,0.35850923819337466,0.06483569176775458,0.012650866686391137,0.001693583766081394,0.0012854912923268413,0.0002040462368772764,0.00012242774212636585
양천구,신정7동,11235.583333333334,0.24213251055055737,0.21460093304753497,0.2287969026975309,0.2528870330126755,0.048832948890059104,0.0087890407707655,0.0024549978861800677,0.0012163735750257737,0.00021509044924236242,7.416912042840084e-05
영등포구,당산1동,9730.083333333334,0.48461386935706263,0.20174544582523274,0.15261945341338287,0.12022850095494213,0.029872988412226686,0.008102020366389462,0.0017557232295030017,0.0005652572348643811,0.0002398060996394344,0.00025693510675653684
영등포구,당산2동,15989.5,0.4829836246703566,0.17006994173259535,0.15661319407527857,0.14761249570030333,0.03249007160949373,0.007515348614194732,0.0019283488122413667,0.0006618927004179827,6.254104255917946e-05,6.254104255917946e-05
영등포구,대림1동,6714.583333333333,0.4498417623332299,0.21569965870307167,0.16033509152963077,0.13073533974557866,0.03282655910642259,0.0073596028544834005,0.0022587651256593235,0.00048402109835556936,0.00027303754266211604,0.00018616196090598822
영등포구,대림2동,6823.166666666667,0.4880065463250201,0.22866948386624,0.14202838369281126,0.10416717555387284,0.027736388285009402,0.006863870636801095,0.0017220743056742959,0.0005373848897139646,0.00023205256601284836,3.6639878844133954e-05
영등포구,대림3동,10641.0,0.36661654606396643,0.22561319424866083,0.18712996898787707,0.1690317326065846,0.03871816558594117,0.00958556526642233,0.0027174764276540427,0.0003132537668765467,0.000140964195094446,0.00013313285092253236
영등포구,도림동,9874.833333333334,0.4972742155985755,0.20830731320359835,0.14668602001721548,0.11034785397221894,0.028329592060625495,0.006903070094010025,0.0015443298621073773,0.0004303870107512363,8.43896099512228e-05,9.282857094634508e-05
영등포구,문래동,12703.666666666666,0.3048070110991577,0.20747290808428012,0.21729290755949726,0.21176300805541706,0.04517724541470966,0.010397260633412926,0.0023812022775576607,0.00041982629686967017,0.00018367400488048072,0.00010495657421741754
영등포구,신길1동,9398.333333333334,0.5594874977832949,0.18771945380386593,0.1266004610746586,0.0941922326653662,0.024968966128746228,0.004823550274871431,0.00155169356268842,0.0004433410179109771,0.0001064018442986345,0.0001064018442986345
영등포구,신길3동,7128.5,0.3933389446120034,0.20645998456898365,0.18226134530406116,0.16557948142432957,0.04256388674569218,0.006721844240256248,0.0022211311402585863,0.00047929671974001074,0.00018704262233756516,0.00018704262233756516
영등포구,신길4동,4707.166666666667,0.428247707396523,0.2201784512976667,0.17142300747087771,0.13576815494104733,0.035725666536840985,0.006178522111673688,0.0018588676840279007,0.0005842155578373401,3.540700350529334e-05,0.0
영등포구,신길5동,5029.083333333333,0.4275630085005551,0.22152811148486304,0.16948085303816138,0.13372218263765764,0.03668660624036853,0.008782249913006015,0.0015907471540539198,0.00014913254569255498,0.00011599197998309833,0.0003811165056587516
영등포구,신길6동,8364.5,0.42368541654213243,0.2109908940562297,0.17042261940343117,0.14530655348994762,0.039093789228286206,0.007442166298045311,0.0018231813019307789,0.000577838882579154,0.00015940382967700797,0.00049813696774065
영등포구,신길7동,6842.416666666667,0.3067507824964376,0.1959833879355491,0.2016831285242787,0.2293049483004299,0.05201622233859869,0.010656566271663278,0.002618470569608691,0.0007794517044416567,4.8715731527603545e-05,0.00015832612746471153
영등포구,양평1동,8233.583333333334,0.4625061992044776,0.21588413307288237,0.16274809469348095,0.1222432517231258,0.027893889861643872,0.00607269010050302,0.0020039877331659967,0.0004149671568677064,0.0002327864538526158,0.0
영등포구,양평2동,9592.75,0.38858339197136726,0.19874384300643716,0.1830462241449706,0.1787113531920808,0.039908611538227654,0.008409128421637869,0.0017982330405775194,0.00043435580690278253,0.0001389938582088904,0.00022586501958944688
영등포구,여의동,12049.5,0.2698106422119867,0.22056931822897216,0.2305489854350803,0.2155621948351937,0.04656486437888156,0.011909207850948173,0.003222816991023141,0.0010166396945931367,0.0003734594796464584,0.00042187089367470295
영등포구,영등포동,15373.666666666666,0.6727466880596692,0.13568114308015872,0.09143882396305371,0.07754602025107869,0.017009605169011947,0.004152121593200495,0.0008618633594241235,0.000319810932113354,3.794366991175387e-05,0.0002059799223780924
영등포구,영등포본동,10337.75,0.4090832144325409,0.19842325457667287,0.1818093879229039,0.1618179326578156,0.03888660491886532,0.007601589643136401,0.0014509927208531837,0.0005239695936414275,0.0001289771307425052,0.0002740764028278236
용산구,남영동,5446.583333333333,0.7657093896785447,0.10918159702565829,0.062439755810217414,0.044706926360562435,0.01340289784115424,0.0028305206628008385,0.001025107483284628,0.00015300111690815345,0.00015300111690815345,0.0003978029039611989
용산구,보광동,7788.0,0.510593220338983,0.21473206642698167,0.13912429378531074,0.10218712549221025,0.025723335045368945,0.005574815956171888,0.0017441362780345833,0.00029960623180962163,2.1400445129258687e-05,0.0
용산구,서빙고동,5322.666666666667,0.3185746492985972,0.2043931613226453,0.18197332164328656,0.2171687124248497,0.06109093186372745,0.012196267535070141,0.003663577154308617,0.000751503006012024,0.0,0.000187875751503006
용산구,용문동,5331.5,0.34649410734940134,0.23134514989527652,0.1952858795210854,0.17073056363124825,0.042295789177529776,0.010378567632623716,0.002344555941104755,0.0006564756635093314,0.00025008596705117383,0.00021882522116977712
용산구,용산2가동,5539.083333333333,0.5020686334983225,0.21778573470339557,0.14354059787269255,0.10195730340459463,0.026974980818125743,0.005837307617084657,0.0016398621913974937,0.00019557989438685703,0.0,0.0
용산구,원효로1동,7192.083333333333,0.45159608365679854,0.2139389374891374,0.16374485835119634,0.13103528184925556,0.030670297201784373,0.006198945599907306,0.0014251781472684087,0.0007067956665314872,0.0006372747812988819,4.6347256821736866e-05
용산구,원효로2동,6030.25,0.32766745436203587,0.21477827066318422,0.19847159459945,0.19131324019181076,0.04958335060735459,0.01192598427373105,0.0033857081657753274,0.0017550405594019044,0.0006080455481392424,0.0005113110291170902
용산구,이촌1동,10143.083333333334,0.21723341850357794,0.21547524174930371,0.2542290723563676,0.24065660507570838,0.05276994996590451,0.014320103190187072,0.00340954837861597,0.0013966824683487103,0.0003121996105720647,0.0001971787014139356
용산구,이촌2동,3858.25,0.32832242597032335,0.26127994125143095,0.20644074386055855,0.15097518304930993,0.03924490809736711,0.009762629862416035,0.0022894662951683624,0.0015983066588911208,4.319747726732759e-05,4.319747726732759e-05
용산구,이태원1동,3867.0833333333335,0.5780411593578278,0.1846352763710807,0.11778903135437992,0.08147828897748087,0.028035772007326796,0.00786553173149445,0.0017886003663398341,0.0003663398340696046,0.0,0.0
용산구,이태원2동,4931.916666666667,0.5273304834158458,0.20396059679299797,0.13645810452325835,0.09663247892131185,0.025378909484142405,0.008059746886774919,0.0013517395197945356,0.0005913860399101092,3.3793487994863384e-05,0.00020276092796918033
용산구,청파동,10593.416666666666,0.5589949732931617,0.18555549437150434,0.11960258336545497,0.09919682821878367,0.026203381030671564,0.00771705697721069,0.001699168508743638,0.0006607877534003037,8.653172961194453e-05,0.000283194751457273
용산구,한강로동,9335.083333333334,0.5585292043456138,0.18692923648244525,0.12919006257755242,0.09502682532739397,0.022460074450326276,0.005659653100757893,0.0016871836530650503,0.00021424554324635557,0.00017853795270529631,0.00012497656689370744
용산구,한남동,10935.5,0.5423086888269093,0.207916114184689,0.12737567250392454,0.08862572965723256,0.02428634569368875,0.006142075503330133,0.0020575190892048833,0.000464846905338881,0.0005181899928367854,0.0003048176428451679
용산구,효창동,3753.6666666666665,0.3537430068377586,0.22298197318177782,0.17871414616819112,0.17376343131160643,0.0516605985258858,0.013897522422520202,0.0037296865287274666,0.0007548175117662731,0.0004662108160909333,0.00028860669567533966
용산구,후암동,8527.5,0.459435160754422,0.1978989543633343,0.16293364604710253,0.13287403498485292,0.034955536010944976,0.008697351705267272,0.0018860549203557119,0.0005765660119222125,0.0002638522427440633,0.0004788429590540408
은평구,갈현1동,11132.666666666666,0.38444667345350025,0.23579256242888796,0.1857371698904126,0.14559255045212288,0.03744984729624529,0.00839870650937182,0.0018638840649140669,0.0003817593867896281,0.00029193364872148037,4.4912869034073896e-05
은평구,갈현2동,12499.416666666666,0.31868820544958765,0.23347756228624006,0.21294327068596533,0.17810164474342136,0.04404205529591381,0.009267099131292793,0.0023734440940577227,0.0008600401352063096,8.667071129986065e-05,0.00016000746701512738
은평구,구산동,12733.916666666666,0.2846728225801174,0.23431518189611733,0.2157231016903676,0.19724881713534068,0.05090080951788858,0.012126407821631208,0.0029972448906136497,0.001230310129771542,0.00014397246199454215,0.0006413318761575059
은평구,녹번동,14898.333333333334,0.403853898646381,0.22684304732072938,0.17913636872133348,0.1444848417048887,0.03481933102136704,0.008116120371406197,0.0022541671327889028,0.00033001454301375994,6.712160196890033e-05,9.50889361226088e-05
은평구,대조동,15719.0,0.4616811926119134,0.21868439468159553,0.15772843904404438,0.1221716818287847,0.029619144559662403,0.007586360455499714,0.002088767309201179,0.0003339907118773459,0.00010602879742137966,0.0
은평구,불광1동,17708.916666666668,0.34673681337555934,0.23313114391525924,0.2070943545389093,0.162766402989078,0.03853520119337245,0.008319725938439675,0.0027010874935884466,0.0005835101902525564,0.00011293745617791413,1.8822909362985687e-05
은평구,불광2동,13640.0,0.4067631964809384,0.23911290322580644,0.1764601661779081,0.13336999022482893,0.03380376344086022,0.00760019550342131,0.0018878299120234604,0.0006842619745845552,0.00024437927663734115,7.331378299120235e-05
은평구,수색동,5277.916666666667,0.36299044761979943,0.23836741138391093,0.18583721481013657,0.15999052656509039,0.03925159864214099,0.010120786295097496,0.0028420304728822925,0.0003789373963843057,0.00022104681455751164,0.0
은평구,신사1동,11392.0,0.30463629447565543,0.23676702949438203,0.21692123127340823,0.18419358614232212,0.04356127106741573,0.009729049625468165,0.0029845505617977527,0.000694932116104869,0.0003364934456928839,0.00017556179775280898
은평구,신사2동,9076.166666666666,0.325688157628955,0.23253208953853502,0.20133316194428633,0.18038085094661846,0.045007987953798415,0.011623850010099713,0.0026993774904970898,0.0005141671410470647,0.00011017867308151387,0.00011017867308151387
은평구,역촌동,20765.583333333332,0.3374212940482449,0.22909301047004862,0.2044408416169383,0.1720595376163283,0.04291556140569131,0.010349657084839899,0.0027890700558215317,0.0007504404322857934,0.00012841761408099138,5.216965572040275e-05
은평구,응암1동,11232.166666666666,0.39712581425370586,0.21491104417372725,0.1778522992002137,0.15790215601026814,0.03982609469826243,0.008813971777484308,0.0019883370676479755,0.0007567551526122891,0.00031902423100321997,0.0005045034350748595
은평구,응암2동,8360.75,0.2924179449610781,0.22157103130699998,0.22298637482681977,0.20048041942010786,0.04678607381714161,0.011671600434570262,0.0027110805450069274,0.000827278254542555,0.0003986883154421952,0.0001495081182908232
은평구,응암3동,12429.0,0.4442030734572371,0.2249309410786601,0.16469547027114007,0.12501676187411162,0.03105640035401078,0.0073752246091130964,0.002024834392683777,0.00037546598010030306,0.00015420924182691018,0.00016761874111620673
은평구,증산동,6931.0,0.34521233107295723,0.235632183908046,0.18710623767614099,0.17290674746308854,0.046229500312605205,0.009053527629490694,0.0031380753138075313,0.0006492569614774203,1.2023277064396672e-05,6.0116385321983364e-05
은평구,진관동,20017.5,0.2524957329003788,0.18908038799383872,0.20190250197743642,0.25358644519378876,0.07945547645809917,0.0185629241080721,0.0035802006577577957,0.0009824736688730695,0.00015403188876399816,0.00019982515299113275
종로구,가회동,2070.0,0.4460144927536232,0.2107487922705314,0.1577697262479871,0.13083735909822866,0.038607085346215785,0.010628019323671498,0.0036634460547504025,0.001247987117552335,8.051529790660224e-05,0.00040257648953301127
종로구,교남동,4518.583333333333,0.35202773730704684,0.2396031204470428,0.1890710584069491,0.17210408867085925,0.03513269276875127,0.007856444682145953,0.0030429891374508973,0.0010327720708924258,0.00012909650886155322,0.0
종로구,무악동,3011.0,0.23588508801062769,0.2160965349274881,0.22337540130632128,0.2503044392782021,0.05889516218310639,0.011098195505369201,0.0027122772058009517,0.0008856415365880659,0.00033211557622052476,0.0004151444702756559
종로구,부암동,4307.25,0.375587671948459,0.21568286029369088,0.17159053533770582,0.17060382688103393,0.045872269622922596,0.012904598835297078,0.005397875674734459,0.0011995279277187687,0.0006965000870625109,0.00046433339137500726
종로구,사직동,4480.916666666667,0.4736754012385858,0.19424968849379776,0.15227539008015473,0.1302188912238939,0.034758512953078795,0.007401759312640642,0.004872514924401629,0.001617972513064663,0.00022316862249167766,0.0007067006378903125
종로구,삼청동,1414.25,0.5227741441282188,0.17600612810087796,0.13835366212951505,0.1070649932237346,0.039420187378469154,0.011608037239997643,0.0040657592363443525,0.0004124683283247894,0.0002946202345177067,0.0
종로구,숭인1동,2995.6666666666665,0.44021920551908317,0.21734171581172806,0.16178925114053636,0.12718370980304886,0.03980749972182041,0.010237009013018807,0.0027539779681762548,0.0006398130633136754,2.781795927450762e-05,0.0
종로구,숭인2동,5670.25,0.6409770292315153,0.15828226268683038,0.09940772746645503,0.07723057478359273,0.017577120350366682,0.004893964110929853,0.0010434578134415004,0.0004408976676513381,0.00014696588921711272,0.0
종로구,이화동,4493.083333333333,0.5869762783537661,0.1725429827327188,0.11818164957249105,0.08939666524472802,0.0257061780143554,0.004525474340189551,0.0023925663519854595,0.0,0.0002782053897657511,0.0
종로구,종로1.2.3.4가동,5327.083333333333,0.7842784513101292,0.10211967149002737,0.0567383652718029,0.0420336331638639,0.01005866249511146,0.0030504497457958545,0.0011576065701994526,0.0005631599530700039,0.0,0.0
종로구,종로5·6가동,3162.0833333333335,0.653314007115562,0.1508499143497167,0.09985505336671498,0.06941626037686124,0.02108314665963895,0.003715904598761365,0.0008169719330610093,0.0004743707998418764,0.0004743707998418764,0.0
종로구,창신1동,3021.1666666666665,0.58479064379103,0.1848623600154466,0.11852485243007668,0.07949467644949523,0.025762674463507475,0.005433883157720528,0.0011309096927235615,0.0,0.0,0.0
종로구,창신2동,4225.333333333333,0.46181760807825817,0.20061533606816032,0.1564570842537078,0.1289641842852635,0.03940517513411171,0.009742821079204796,0.002228621016093405,0.0004141685074155885,0.0003550015777847902,0.0
종로구,창신3동,2875.8333333333335,0.2933932193567082,0.23201970443349754,0.22011011301072153,0.1753404810199942,0.06412634019124891,0.01185163720660678,0.002057374674007534,0.0011011301072152999,0.0,0.0
종로구,청운효자동,5418.583333333333,0.3575196468941759,0.20586561678175416,0.1864724789689802,0.1844731864109623,0.045983728834412436,0.014687110714670194,0.0036448641250019227,0.0008612337173000324,0.0004921335527428756,0.0
종로구,평창동,7572.166666666667,0.32474192767371735,0.21507494552417844,0.1939999559791341,0.19116061012920124,0.05591750489732133,0.013404353663636563,0.0033015649417824046,0.0011995685955142738,0.0009464486166442894,0.00025311997886998436
종로구,혜화동,9128.666666666666,0.5815014971153144,0.15643942160227853,0.1196505513766158,0.10325531293361573,0.02862776601183086,0.007339516541298474,0.0021087416928357557,0.0006207551303585774,0.0,0.0004564375958518952
중구,광희동,2907.6666666666665,0.62647598303336,0.17536971225495818,0.09761549925484352,0.07322595437349536,0.0175684970766938,0.0075375444227903255,0.001604952424624556,0.00034391837670526195,0.0,0.00025793878252894646
중구,다산동,6890.416666666667,0.4326903307734171,0.23330712946725524,0.1609965531837697,0.13155953316804742,0.031142286992804014,0.007292737497732358,0.001874584265586261,0.0006047046018020197,9.675273628832314e-05,0.0004353873132974542
중구,동화동,4205.75,0.2814599060809606,0.2104460163664824,0.20991103449642357,0.2187679565673978,0.056212724642850063,0.016742951118508393,0.0047553944005230935,0.0011294061701242347,0.000534981870058848,3.962828667102578e-05
중구,명동,1413.3333333333333,0.6557783018867925,0.15029481132075473,0.09764150943396227,0.06774764150943396,0.01904481132075472,0.005365566037735849,0.001179245283018868,0.0008254716981132077,0.0,0.0021226415094339622
중구,소공동,1068.6666666666667,0.5564566437928883,0.1834840923268871,0.1412975670617592,0.0936525265127885,0.016219588271990017,0.006082345601996257,0.0009357454772301933,0.0,0.0,0.0018714909544603866
중구,신당5동,4455.083333333333,0.4617197583285012,0.20669272927928772,0.157572810085857,0.13123585417407083,0.031106788125923573,0.008192888273694843,0.0024316791679916206,0.0006546828529208208,0.0003928097117524925,0.0
중구,신당동,4421.916666666667,0.5973277048037239,0.18140700676554283,0.1134500499406366,0.07979194542336467,0.020032791210447955,0.006350941333886135,0.00122495901098694,1.884552324595292e-05,0.0003957559881650114,0.0
중구,약수동,7803.5,0.3535699792828005,0.25453322227205744,0.19967535934730143,0.14398453685312146,0.0365327523974285,0.008916938980372055,0.0016979560453642597,0.0006300591614873669,2.1357937677537855e-05,0.000437837722389526
중구,을지로동,1203.0,0.7862981435300637,0.1111111111111111,0.05811859240786922,0.02971737323358271,0.010667775006927126,0.0020088667220836795,0.0020781379883624274,0.0,0.0,0.0
중구,장충동,2651.1666666666665,0.6050480920349531,0.17250267177971962,0.10130760042748475,0.08295090211856415,0.028666624756396558,0.006978059973596531,0.0010372791852643491,0.00037719243100521783,3.1432702583768155e-05,0.0011001445904318854
중구,중림동,5665.666666666667,0.42720774254280164,0.21374360181208446,0.17585456256986526,0.14243690062952286,0.02897570159439901,0.008766252868153203,0.002044478437371301,0.0008383832441019003,0.00011766782373360003,1.4708477966700004e-05
중구,청구동,6456.333333333333,0.3777944137539367,0.23433063142134342,0.18445712220558627,0.1530667561567453,0.03947028757292581,0.007873405957974084,0.0014843306314213434,0.0007357117042697094,0.0004001239093396665,0.0003872166864577418
중구,필동,2266.3333333333335,0.6137299602882776,0.1703191645830269,0.10578761582585673,0.07898220326518605,0.0232754816884836,0.004853654949257244,0.001985586115605236,0.0006250919252831299,0.0,0.00044124135902338577
중구,황학동,6400.5,0.5233445303752311,0.2064422050360649,0.13837460615056116,0.09925005858917273,0.024464234565007945,0.006718225138661042,0.0009504465796942947,0.00029945577168450385,0.0001562377939223498,0.0
중구,회현동,3268.1666666666665,0.6834871742567189,0.13424957927482278,0.08927023305624969,0.06851445764699883,0.01805293487684227,0.004054260798612882,0.0016829007088581774,0.0005864653985414862,2.549849558876026e-05,7.64954867662808e-05
중랑구,망우3동,8470.0,0.4177194018103109,0.23429752066115703,0.17698740653286107,0.13286107831562377,0.02871900826446281,0.007014954742227469,0.0019283746556473828,0.0002361275088547816,0.0002361275088547816,0.0
중랑구,망우본동,14679.916666666666,0.43296113170488026,0.21540199478879876,0.17198667113232932,0.13704096867034896,0.034003371953746336,0.00655090003916916,0.001600826526036138,0.00024409766177146784,8.51503471295818e-05,0.00012488717579005332
중랑구,면목2동,12196.916666666666,0.42859192555495584,0.22000095652589796,0.169182102033984,0.13875774615169137,0.03445542930931998,0.007112453283958378,0.0012571483230051311,0.0006217418336601463,2.0496983527257573e-05,0.0
중랑구,면목3.8동,12581.583333333334,0.42949681743818674,0.22464713635671182,0.1733684817093768,0.13238927268030654,0.030136641519681547,0.007577212724948502,0.0020863828744394916,0.00027156094556196554,2.6493750786533223e-05,0.0
중랑구,면목4동,9474.083333333334,0.41616163393116307,0.22280079867005603,0.17799435301568312,0.14159681235651644,0.03214031260720034,0.006808046512855245,0.00200547106580232,0.00046618406354176746,2.6387777181609477e-05,0.0
중랑구,면목5동,4643.5,0.4069487814507735,0.23498797602383262,0.17671655719464485,0.14026775779763828,0.03275187538135745,0.006029934316786906,0.00195613940633861,0.000340978428627831,0.0,0.0
중랑구,면목7동,10102.166666666666,0.4110339366142577,0.22505898074670452,0.17873228515334993,0.14232920330622145,0.034126342533779885,0.006228036889776121,0.0019550261495058815,0.0003712074967416231,0.0001649811096629436,0.0
중랑구,면목본동,17438.333333333332,0.4595574882920769,0.22069196215234638,0.16388703048838765,0.12194399311860844,0.026842205868297813,0.005118034980407149,0.0015387556150243716,0.00025805218388607476,4.7787441460384214e-05,0.00011468985950492211
중랑구,묵1동,14411.666666666666,0.3092112871516133,0.21734127443043832,0.2131432866890251,0.19834046490112178,0.04736902972129062,0.010963339886665896,0.002550017347056783,0.0008557881346131607,6.360587486989708e-05,0.00016190586330519258
중랑구,묵2동,9139.833333333334,0.4029978664818833,0.2283229088787177,0.18389284997902952,0.14005543500063822,0.03500246175167308,0.007531136599865059,0.0015682269917394554,0.00015499917941610896,0.00024617516730793775,0.00022793996972957203
중랑구,상봉1동,10122.25,0.2913383882042036,0.22273539315204954,0.21740061086550258,0.21363003943457892,0.04384730008973631,0.008133896449241357,0.002239291330155516,0.0005021940115422296,0.0001728864629899479,0.0
중랑구,상봉2동,9962.916666666666,0.5420015892267158,0.2013633892350801,0.13458240976956212,0.0956296265317218,0.019647860817197108,0.004759315796077119,0.0011459161055581114,0.0006356906862950107,0.000200744427251056,3.345740454184267e-05
중랑구,신내1동,14533.583333333334,0.21964645103581934,0.21663044787073615,0.21611440170180557,0.2508328411781907,0.07709156379190725,0.01522336198345212,0.0032682924032270085,0.0009747538746466516,0.00013187846539337053,8.600769482176339e-05
중랑구,신내2동,9002.5,0.28482828843839675,0.24169212255854858,0.2250485976117745,0.19562158659631582,0.040155512357678426,0.009164121077478478,0.0022493751735628994,0.0009812089234471906,0.00010182356752753864,0.00015736369526983247
중랑구,중화1동,8818.666666666666,0.34238925007559723,0.235655427880254,0.19986014514665862,0.16970630480798307,0.04172021469609919,0.007569171454490475,0.0021072724523737525,0.0007370728757181736,0.00014174478379195646,0.00011339582703356517
중랑구,중화2동,14267.666666666666,0.4962210592715464,0.2176950213770063,0.1493002826904656,0.10455458729528304,0.025401256921243842,0.00508726023876831,0.0012732752377169825,0.000251150620283625,0.00014601780249047966,7.008854519543023e-05
