자치구,행정동,전입수,전출수,전입비율,전출비율
강남구,개포1동,961,13256,0.07072416838386812,0.9755666764792464
강남구,개포2동,1889,2728,0.13651309846431797,0.19714543812104787
강남구,개포4동,3147,2833,0.1733645503374191,0.15606665748519488
강남구,논현1동,5501,5730,0.2434232360554904,0.25355665199017635
강남구,논현2동,4607,4952,0.21528540386457629,0.23140727587093157
강남구,대치1동,3686,3399,0.14714570858283432,0.135688622754491
강남구,대치2동,5892,7335,0.14665471923536438,0.18257168458781362
강남구,대치4동,5330,5309,0.2607121893954216,0.25968499315202503
강남구,도곡1동,3421,3552,0.15314024799677695,0.1590044317113568
강남구,도곡2동,4568,4833,0.13384511705587623,0.14160977467842598
강남구,삼성1동,2510,2535,0.17304377800758358,0.17476732161323683
강남구,삼성2동,6050,5316,0.20838715232928615,0.18310514079049342
강남구,세곡동,6097,5726,0.13621232769598535,0.12792386229083355
강남구,수서동,1934,2303,0.11864302803508987,0.1412796760934912
강남구,신사동,2545,2861,0.1480899595589305,0.16647755375170928
강남구,압구정동,3735,3765,0.1377186998764772,0.1388248741726738
강남구,역삼1동,10537,10423,0.30690142280862714,0.3035810505774244
강남구,역삼2동,6574,6924,0.18560135516657256,0.19548277809147374
강남구,일원1동,2434,2421,0.14566999820456042,0.14489197438506193
강남구,일원2동,2602,2513,0.15974950884086445,0.1542853634577603
강남구,일원본동,2820,3153,0.11424404472532815,0.1277345649003403
강남구,청담동,4771,4935,0.1643613814486263,0.17001119627939024
강동구,강일동,3029,3770,0.09180596178035068,0.11426493097125191
강동구,고덕1동,3147,3421,0.11571767387986984,0.12579287014395765
강동구,고덕2동,850,1401,0.11254551473022179,0.18550148957298906
강동구,길동,6093,9461,0.12749529190207157,0.19797028667085165
강동구,둔촌1동,13,1685,0.014452473596442469,1.8732629238465814
강동구,둔촌2동,3724,4407,0.13243243243243244,0.15672119487908961
강동구,명일1동,2959,3119,0.1338247930894125,0.14106101035683596
강동구,명일2동,2154,2361,0.12024450833170514,0.131800039076674
강동구,상일동,2675,1455,0.2649957897865174,0.14413789687453563
강동구,성내1동,2931,3249,0.1413858807071706,0.15672559754950435
강동구,성내2동,4227,4527,0.17083964837829646,0.1829645347074871
강동구,성내3동,3607,4106,0.15181615387853023,0.17281872132665516
강동구,암사1동,4974,5734,0.13401409114790316,0.15449071142784013
강동구,암사2동,1930,2297,0.13220989176599535,0.1573503219619126
강동구,암사3동,2418,2566,0.12899439850626834,0.13688983728994397
강동구,천호1동,4076,4711,0.14220175484501196,0.16435536483681337
강동구,천호2동,5717,6072,0.16267588601021526,0.17277732724401382
강동구,천호3동,4810,4591,0.17573023034908572,0.16772920738724587
강북구,미아동,3610,3784,0.1607516587255644,0.16849979961704592
강북구,번1동,3344,3349,0.1744028371753416,0.17466360696776886
강북구,번2동,1786,2162,0.10282687546778743,0.12447463872416374
강북구,번3동,1635,1923,0.08667302798982188,0.10194020356234097
강북구,삼각산동,3429,3803,0.10353886104233348,0.1148318135153089
강북구,삼양동,3064,5495,0.11334085486525977,0.2032663177169068
강북구,송중동,3357,4103,0.1169360457015466,0.14292183363522362
강북구,송천동,3662,4070,0.12798825667552077,0.142248007828883
강북구,수유1동,3134,3232,0.1442577675489068,0.1487686996547756
강북구,수유2동,2828,2798,0.12805651150153957,0.12669806194529976
강북구,수유3동,4149,4146,0.17763791663990752,0.17750947273778178
강북구,우이동,2937,2933,0.13826381696638734,0.13807551078052915
강북구,인수동,4006,4002,0.12382924793669438,0.12370560415443109
강서구,가양1동,8037,7272,0.24745219988300132,0.22389851904307398
강서구,가양2동,1724,2110,0.10954029926613082,0.13406614353337357
강서구,가양3동,2114,2419,0.12953034527128457,0.1482184982077755
강서구,공항동,3782,3791,0.13922070272956508,0.13955200530084114
강서구,등촌1동,4531,4603,0.19626613532010742,0.19938490860261632
강서구,등촌2동,3134,3367,0.1432554737852539,0.15390592860081365
강서구,등촌3동,3677,4539,0.11047516036474529,0.1363738789490288
강서구,발산1동,4073,4724,0.10537754032831843,0.12222035367320802
강서구,방화1동,5892,6381,0.1288009618537545,0.13949065471636243
강서구,방화2동,3330,3693,0.1402636788677815,0.1555536835011162
강서구,방화3동,3057,3597,0.12365254322985135,0.14549499443826475
강서구,염창동,5039,5114,0.12446431438416224,0.12631682948216028
강서구,우장산동,5465,6009,0.11943527766243417,0.1313241689796097
강서구,화곡1동,8739,9177,0.1654439953428055,0.17373607337921113
강서구,화곡2동,2555,3108,0.13016786815090303,0.1583411875589067
강서구,화곡3동,3051,3255,0.1363758269265153,0.14549436795994994
강서구,화곡4동,2601,3102,0.1166603126191384,0.1391312148191339
강서구,화곡6동,3622,3954,0.14830282930024977,0.16189657290259182
강서구,화곡8동,3835,4224,0.1470080883198528,0.1619197301337831
강서구,화곡본동,5441,5842,0.1527148210000421,0.1639698555931347
관악구,낙성대동,4651,4756,0.2778458137937214,0.28411840258072224
관악구,난곡동,3152,3832,0.10945774660114944,0.13307172746687965
관악구,난향동,1908,2104,0.11697627368033842,0.12899270430997486
관악구,남현동,4023,4124,0.21720702966822342,0.2226601517155738
관악구,대학동,6289,5992,0.27059355033022825,0.2578146849385797
관악구,미성동,4243,4543,0.13107410954249174,0.14034166383491398
관악구,보라매동,4148,4287,0.16659972688569363,0.17218250461884488
관악구,삼성동,2253,2926,0.08719377684894926,0.11323967645806726
관악구,서림동,5428,5757,0.2270369750711059,0.24079805922703698
관악구,서원동,5661,5367,0.2508307855908547,0.23780406752625283
관악구,성현동,3460,3943,0.10610730331048653,0.12091939218301977
관악구,신림동,7112,6353,0.3463355247139031,0.30937423910396883
관악구,신사동,4934,4970,0.21739034652920053,0.21897649417311038
관악구,신원동,3791,3748,0.20652085092474057,0.20417835644049792
관악구,은천동,4983,5269,0.14334618261319831,0.15157355733271963
관악구,인헌동,4667,5199,0.17409307096894525,0.19393826354564953
관악구,조원동,3718,3976,0.21393635997468208,0.2287818631681915
관악구,중앙동,3690,3486,0.24845138701858335,0.23471586318340965
관악구,청룡동,7675,6956,0.27615363857155706,0.250283349824593
관악구,청림동,2160,2448,0.1330909763085739,0.15083643981638375
관악구,행운동,6457,6441,0.21945043927472938,0.2189066562441586
광진구,광장동,4269,4603,0.11888218994973475,0.12818334980993887
광진구,구의1동,4078,4309,0.18313274654212322,0.19350637686366085
광진구,구의2동,5266,3329,0.2010844661677104,0.12711929127844815
광진구,구의3동,4373,4512,0.14661950344503863,0.15127994501349518
광진구,군자동,3238,3530,0.16425708923045707,0.17906964946989296
광진구,능동,2315,2337,0.20391984144461572,0.20585774058577405
광진구,자양1동,4083,4111,0.17850741048397675,0.1797315612293971
광진구,자양2동,3544,3952,0.132369693913758,0.1476086428744841
광진구,자양3동,3654,4168,0.12311320754716981,0.14043126684636117
광진구,자양4동,2328,4295,0.11703785631692726,0.21592680106580867
광진구,중곡1동,2878,2792,0.18359275325338095,0.17810665986220975
광진구,중곡2동,3396,3591,0.15363387545522406,0.16245560858648692
광진구,중곡3동,2696,2878,0.15527717782577394,0.16575953923686104
광진구,중곡4동,3849,4465,0.12577403806878523,0.14590311249080956
광진구,화양동,5761,5902,0.27439213164725773,0.2811078564454288
구로구,가리봉동,1451,1837,0.15356122340988465,0.19441210710128057
구로구,개봉1동,4121,4764,0.12310863493106693,0.14231728629255105
구로구,개봉2동,3485,4246,0.1048009983911468,0.127685807508984
구로구,개봉3동,2699,2961,0.12518843201372945,0.13734084742225006
구로구,고척1동,2698,3079,0.11178554411551449,0.12757141969298336
구로구,고척2동,3120,3872,0.10749168834300873,0.13339994143081083
구로구,구로1동,2113,2691,0.09805104408352668,0.1248723897911833
구로구,구로2동,2921,3803,0.11251926040061633,0.14649460708782744
구로구,구로3동,4412,5295,0.17654355568004482,0.2118762754591653
구로구,구로4동,2891,3944,0.13394801464115275,0.182736412917574
구로구,구로5동,4874,5537,0.16082889244526571,0.18270610945207966
구로구,수궁동,2873,3316,0.11464485235434956,0.13232242617717477
구로구,신도림동,4016,4502,0.10804266824497921,0.12111755289813159
구로구,오류1동,4442,3490,0.210137900040211,0.16510159188211085
구로구,오류2동,4992,5206,0.11264935856209593,0.11747847769917295
금천구,가산동,5670,4842,0.2875909817148944,0.2455935685120844
금천구,독산1동,8266,6210,0.2191468490681089,0.164638511095204
금천구,독산2동,2087,2907,0.10362977307711406,0.14434678981081484
금천구,독산3동,3261,3648,0.1291050537442841,0.14442662865965913
금천구,독산4동,1928,2502,0.11729634361501491,0.15221755794853076
금천구,시흥1동,4490,5299,0.13107575536418042,0.1546927455845862
금천구,시흥2동,2250,2758,0.09779207232267037,0.11987134909596663
금천구,시흥3동,1179,1537,0.10197197716658017,0.13293547829095312
금천구,시흥4동,2310,2855,0.1060386972388625,0.1310564851155638
금천구,시흥5동,2353,2950,0.11436764848838339,0.14338485467094392
노원구,공릉1동,5231,5763,0.13512605910312048,0.14886856788592684
노원구,공릉2동,5372,5916,0.13148619541805365,0.14480125318190717
노원구,상계10동,2215,2708,0.13035929729570667,0.1593738045493335
노원구,상계1동,3981,4631,0.09783730646350455,0.11381174735807324
노원구,상계2동,2889,3179,0.13540812261254717,0.1490004921375173
노원구,상계3.4동,2239,3231,0.08461509391179471,0.12210422886512226
노원구,상계5동,2847,3602,0.1090470353914509,0.13796537459782443
노원구,상계6.7동,3984,4736,0.11301165858224832,0.13434317646725102
노원구,상계8동,3082,4087,0.12530492763050902,0.1661652301187185
노원구,상계9동,2468,3022,0.11039048172831775,0.13517019278078454
노원구,월계1동,3186,3414,0.1365418818437011,0.14631324061970985
노원구,월계2동,2406,3002,0.09057029926595143,0.11300583474496519
노원구,월계3동,3274,4230,0.10091700701240656,0.1303845264699083
노원구,중계1동,3474,3913,0.12268248755164742,0.13818554225376983
노원구,중계2.3동,3239,4144,0.08580132450331125,0.10977483443708609
노원구,중계4동,2594,2811,0.11964668711514956,0.12965568137266206
노원구,중계본동,2836,3349,0.10579918300348809,0.12493704650165079
노원구,하계1동,4259,4157,0.14624180201215534,0.1427394155821859
노원구,하계2동,2291,2853,0.09589585818630837,0.11941985307967602
도봉구,도봉1동,2375,2863,0.10553444866582239,0.12721900064431557
도봉구,도봉2동,3671,3952,0.1283207494407159,0.13814317673378076
도봉구,방학1동,3968,4151,0.13211473472173668,0.13820772777971999
도봉구,방학2동,2360,2953,0.11032677294189144,0.1380487120751718
도봉구,방학3동,2845,3319,0.09739815131804176,0.11362547072920233
도봉구,쌍문1동,2846,2760,0.1305953883216703,0.1266490765171504
도봉구,쌍문2동,2789,2813,0.13874586473646244,0.1399398054871527
도봉구,쌍문3동,2452,2548,0.14404041590788932,0.1496798449157023
도봉구,쌍문4동,2211,2563,0.11029631846752469,0.12785593135787687
도봉구,창1동,2901,3541,0.10918328942416258,0.13327060594655626
도봉구,창2동,3247,3746,0.10468452783957184,0.12077247960795692
도봉구,창3동,1747,1951,0.11718933422773771,0.13087372128123428
도봉구,창4동,3017,3480,0.10642350700201066,0.12275565275671099
도봉구,창5동,3089,3573,0.11949941004661599,0.1382231764637614
동대문구,답십리1동,8102,3970,0.3078852365570967,0.15086452593577807
동대문구,답십리2동,3248,4022,0.11338406758360679,0.14040354674300076
동대문구,용신동,5415,6338,0.1795960332990614,0.21020861662963086
동대문구,이문1동,3498,7799,0.14072777744252007,0.3137609880715306
동대문구,이문2동,2525,2987,0.11811760303129532,0.13972961594236796
동대문구,장안1동,5032,5492,0.13200939176515342,0.14407702296785024
동대문구,장안2동,4647,4505,0.15102863271474537,0.14641359810198576
동대문구,전농1동,5365,4296,0.1843579258444727,0.14762379299680423
동대문구,전농2동,2349,2542,0.1188945690135142,0.12866325859189148
동대문구,제기동,3857,4113,0.15649598312099328,0.16688306418891505
동대문구,청량리동,2512,2893,0.11666357049972134,0.13435816459223482
동대문구,회기동,2315,2249,0.22989076464746772,0.22333664349553128
동대문구,휘경1동,2346,2500,0.1837909828038701,0.19585569352501078
동대문구,휘경2동,3688,3899,0.15126222750856183,0.15991633000430655
동작구,노량진1동,5415,5463,0.1697199542398646,0.17122439704753098
동작구,노량진2동,2167,2515,0.16601547536964684,0.1926760131770474
동작구,대방동,5868,6275,0.1478420800685294,0.1580962938701469
동작구,사당1동,5281,5205,0.22964863454513829,0.22634371194990432
동작구,사당2동,4272,4492,0.15388217495452336,0.16180681879581435
동작구,사당3동,5485,3789,0.21819556050600683,0.15072798154188877
동작구,사당4동,2749,2684,0.18765786060481945,0.18322069765854324
동작구,사당5동,2058,2216,0.15904173106646058,0.1712519319938176
동작구,상도1동,7399,7921,0.1614867519315553,0.1728796542843424
동작구,상도2동,4703,4624,0.17533460090221079,0.1723893673340044
동작구,상도3동,3817,4032,0.1500275135602547,0.15847810706705448
동작구,상도4동,4223,4396,0.14278710419096888,0.14863654037970617
동작구,신대방1동,2912,3360,0.12039276485788114,0.13891472868217053
동작구,신대방2동,3810,3626,0.18718219558328625,0.17814242550787296
동작구,흑석동,4940,5507,0.1636466028422831,0.18242952264219697
마포구,공덕동,5908,6175,0.15088557163106078,0.1577045370382194
마포구,대흥동,2516,2761,0.22141065692788314,0.2429709156509878
마포구,도화동,3044,3364,0.13744835527058452,0.15189759104147382
마포구,망원1동,3893,3586,0.18376643300526327,0.16927470556302956
마포구,망원2동,2517,2913,0.1298761609907121,0.15030959752321982
마포구,상암동,4311,4167,0.13242815672661926,0.12800466923679482
마포구,서강동,3693,4391,0.14995736386892436,0.17830023957445082
마포구,서교동,4919,5457,0.20524053907456086,0.22768807109775943
마포구,성산1동,3074,3246,0.15557073812596472,0.16427541182722236
마포구,성산2동,6146,5150,0.1520553198332488,0.12741374831455116
마포구,신수동,3151,3304,0.15023362258033757,0.15752836845618384
마포구,아현동,3907,4189,0.1605671427103668,0.17215658070481865
마포구,연남동,2952,3418,0.18309247658624325,0.21199528623705266
마포구,염리동,3478,1921,0.31892164504149284,0.17614964925954793
마포구,용강동,3265,3227,0.1502773111177594,0.14852829493935976
마포구,합정동,3453,3802,0.18606029582132178,0.2048656949645715
서대문구,남가좌1동,2619,2699,0.15910816803863795,0.1639682877190851
서대문구,남가좌2동,4908,3293,0.21424362136324945,0.14374577122028942
서대문구,북가좌1동,2386,2924,0.12467342460027171,0.15278503500888285
서대문구,북가좌2동,3991,4468,0.11845541968419802,0.13261308322450432
서대문구,북아현동,2599,2634,0.15313908611495744,0.15520136699761364
서대문구,신촌동,5428,4956,0.3067966652536385,0.2801186943620178
서대문구,연희동,5523,6010,0.15016517353416986,0.16340624532688047
서대문구,천연동,2367,2759,0.12796323827544262,0.14915529125557508
서대문구,충현동,2556,2985,0.14661427711016148,0.17122207244672613
서대문구,홍은1동,3571,2738,0.1554704166485263,0.11920414471679219
서대문구,홍은2동,3652,4830,0.12886379675370502,0.17043048694424842
서대문구,홍제1동,2574,3878,0.11202263083451203,0.16877380045696877
서대문구,홍제2동,1745,1839,0.11957787980538614,0.1260193243335846
서대문구,홍제3동,1942,2471,0.1188239973077982,0.15119160522531894
서초구,내곡동,2454,2719,0.13263072557762465,0.14695311444399406
서초구,반포1동,8348,5020,0.28419207135440605,0.17089652589831317
서초구,반포2동,2187,10007,0.10915624766040279,0.49946345237203965
서초구,반포3동,5213,3602,0.27317507729392654,0.18875438872294711
서초구,반포4동,3324,3262,0.16979108137099658,0.166624099708842
서초구,반포본동,1850,2124,0.1508418606547352,0.1731827632598149
서초구,방배1동,3465,3177,0.2029104324656692,0.18604514976722397
서초구,방배2동,3416,8196,0.14106375949785266,0.33845391476709613
서초구,방배3동,3177,3533,0.14516129032258066,0.16142739650918395
서초구,방배4동,3908,5943,0.1582955281918341,0.2407242384964355
서초구,방배본동,3284,3379,0.15507023964112857,0.15955613268799435
서초구,서초1동,4051,4023,0.19372115821437966,0.1923821820529374
서초구,서초2동,4902,3256,0.29229026295390853,0.19414465446306123
서초구,서초3동,5534,5278,0.18625471190091544,0.1776386645126548
서초구,서초4동,4511,4063,0.14760642649127972,0.13294722031347142
서초구,양재1동,5766,6489,0.12496749024707413,0.1406371911573472
서초구,양재2동,4174,4154,0.1796659779614325,0.1788050964187328
서초구,잠원동,5094,5264,0.14972004643849104,0.15471659294311285
성동구,금호1가동,4753,1858,0.3311733556298774,0.12945930880713488
성동구,금호2.3가동,3677,4058,0.15393310168711014,0.16988320006698204
성동구,금호4가동,3170,2237,0.21726465851067475,0.15331894040642885
성동구,마장동,3443,3488,0.148809266542767,0.1507542032242728
성동구,사근동,3050,2623,0.2719087099937595,0.23384149059463313
성동구,성수1가1동,2759,2960,0.1623561950157413,0.1741842469179392
성동구,성수1가2동,2235,2923,0.1453705811571108,0.19012000390256595
성동구,성수2가1동,2374,2899,0.1356997913629998,0.16570922289862527
성동구,성수2가3동,2099,2248,0.18497466402291254,0.19810530953954616
성동구,송정동,1423,1640,0.1277837643678161,0.14727011494252873
성동구,옥수동,3867,4000,0.14531584683025817,0.15031378001578294
성동구,왕십리2동,2548,2673,0.1464367816091954,0.15362068965517242
성동구,왕십리도선동,4020,3931,0.15024667364329497,0.14692031693825683
성동구,용답동,2036,3070,0.13770713561041595,0.20764288129861347
성동구,응봉동,2137,2473,0.13155626692932776,0.15224082738241812
성동구,행당1동,4618,2350,0.31113356914266466,0.15832912245241704
성동구,행당2동,3149,3581,0.12685560053981107,0.14425846476121418
성북구,길음1동,4296,4397,0.11561129201539332,0.11832934147851126
성북구,길음2동,1512,2063,0.13150113063141416,0.1794225082623065
성북구,돈암1동,1857,2215,0.1142347440944882,0.13625738188976377
성북구,돈암2동,2846,2899,0.11427194796330128,0.11639999196964526
성북구,동선동,3331,3599,0.21789756001831623,0.23542879570877215
성북구,보문동,2440,2692,0.1480807161280534,0.1633742982855409
성북구,삼선동,3861,3989,0.14858858165444785,0.15351459523946967
성북구,석관동,4062,4591,0.12334507469938054,0.13940847807603546
성북구,성북동,2608,2728,0.1535879391066223,0.1606548688201172
성북구,안암동,3287,3390,0.22022712806941142,0.22712806941141
성북구,월곡1동,3011,3328,0.11024861777305847,0.12185566255354985
성북구,월곡2동,3177,3298,0.15977670488835244,0.16586199959766645
성북구,장위1동,2611,2687,0.1262206323117084,0.12989461471526637
성북구,장위2동,1429,4772,0.08864764267990075,0.29602977667493796
성북구,장위3동,1583,2207,0.13773601322544157,0.1920299312625076
성북구,정릉1동,2333,2640,0.1303461183898092,0.14749839372014414
성북구,정릉2동,2988,3259,0.12551457615727127,0.1368982609426195
성북구,정릉3동,2299,2510,0.1471077553109803,0.1606091630406962
성북구,정릉4동,2933,3294,0.11058952170880229,0.12420111984616254
성북구,종암동,4683,4919,0.1160450997398092,0.1218931978689134
송파구,가락1동,313,100,0.38054711246200607,0.12158054711246201
송파구,가락2동,4526,4828,0.13327836508731117,0.14217144203303983
송파구,가락본동,4483,4578,0.16310418220516273,0.1665605501082389
송파구,거여1동,1880,1997,0.1434512227690664,0.15237877227118385
송파구,거여2동,1835,2471,0.10712513500102162,0.14425406462535392
송파구,마천1동,2308,2963,0.10903250188964475,0.13997543461829176
송파구,마천2동,2531,2697,0.12508957916326885,0.13329379494402846
송파구,문정1동,3679,3666,0.17345182810400508,0.17283892411777185
송파구,문정2동,8155,5776,0.28677427295424973,0.20311565917642507
송파구,방이1동,2227,2393,0.13581338618691874,0.14593688062204604
송파구,방이2동,4992,4922,0.20132685366296305,0.1985037607630417
송파구,삼전동,5668,6014,0.17399579438535095,0.18461727371797823
송파구,석촌동,6189,6179,0.18578890489913544,0.18548871277617676
송파구,송파1동,4775,4907,0.18682630044799187,0.19199092278498348
송파구,송파2동,2607,2899,0.12464440247663217,0.1386053405369224
송파구,오금동,7946,5118,0.20464086121198075,0.13180869968322645
송파구,오륜동,1791,2139,0.09320600556842133,0.11131638520985662
송파구,위례동,4677,4443,0.16447460964973976,0.15624560416373612
송파구,잠실2동,4627,4696,0.12756571964214328,0.12946803964545167
송파구,잠실3동,4230,4579,0.11783058023900388,0.12755229950695005
송파구,잠실4동,3151,3704,0.10596405091386008,0.12456072503488978
송파구,잠실6동,2107,2187,0.12386467182034626,0.12856764939302195
송파구,잠실7동,995,1094,0.09731527214044697,0.10699789720768742
송파구,잠실본동,5262,5507,0.18373867346404316,0.19229359079560732
송파구,장지동,5073,5558,0.14682218106043066,0.16085899513776336
송파구,풍납1동,1741,2420,0.11235882542755728,0.15617941271377864
송파구,풍납2동,3292,3651,0.1328249510782949,0.1473098105670883
양천구,목1동,3612,3973,0.11226979563291631,0.12349055870697023
양천구,목2동,4518,4931,0.14490522467045128,0.15815131979858238
양천구,목3동,4526,3662,0.20385550851274659,0.16494009548689306
양천구,목4동,3314,3649,0.12292740828665752,0.13535368522571312
양천구,목5동,4425,4836,0.10252667431272373,0.11204949084210893
양천구,신월1동,2525,3104,0.11524681074419772,0.14167370318811476
양천구,신월2동,2683,3176,0.11856467364885766,0.14035087719298245
양천구,신월3동,2162,2642,0.12823630594027105,0.15670690115365224
양천구,신월4동,1937,2314,0.10086177718763831,0.12049259288187664
양천구,신월5동,2029,2403,0.13070506007021612,0.15479756498212388
양천구,신월6동,835,1091,0.12428369427699636,0.16238743767209943
양천구,신월7동,2215,3008,0.09929173390711853,0.13483951945490408
양천구,신정1동,2534,2730,0.1186690706441567,0.12784789378790362
양천구,신정2동,2224,2483,0.10722723108818283,0.11971457499638398
양천구,신정3동,4352,6422,0.08900159515726615,0.13133461491267537
양천구,신정4동,4841,5277,0.1380047607508873,0.1504340265404735
양천구,신정6동,2792,3086,0.10981101649918389,0.12137421092997187
양천구,신정7동,3055,3627,0.10212609480510798,0.12124757638563884
영등포구,당산1동,3785,3824,0.18528490307421186,0.18719404738594086
영등포구,당산2동,6705,6435,0.19205980922918278,0.1843258571796855
영등포구,대림1동,1993,2303,0.15140350210810194,0.1749534698218559
영등포구,대림2동,1842,2256,0.14597614613464358,0.17878511708998693
영등포구,대림3동,3020,3767,0.12338365370865932,0.15390272302003963
영등포구,도림동,3085,3434,0.1645245586902032,0.18313689936536717
영등포구,문래동,4338,3948,0.13890489913544668,0.12641690682036502
영등포구,신길1동,3198,4075,0.18285256868406757,0.23299694102175592
영등포구,신길3동,2010,2390,0.1266700277287623,0.1506175951600706
영등포구,신길4동,1157,1437,0.12513519359723124,0.1554185593770279
영등포구,신길5동,1289,2541,0.12827785241578346,0.25287356321839083
영등포구,신길6동,2825,3063,0.15590507726269315,0.16903973509933776
영등포구,신길7동,3017,3240,0.18029162184773515,0.19361778415202582
영등포구,양평1동,3771,3167,0.2215498501850655,0.1860642735444451
영등포구,양평2동,3656,3634,0.16368561258982336,0.1627006335206286
영등포구,여의동,4061,3915,0.12492501730369915,0.12043374605860187
영등포구,영등포동,7207,5251,0.3052520118593816,0.2224057602710716
영등포구,영등포본동,2903,3428,0.13152112357005324,0.15530637671310454
용산구,남영동,1734,1847,0.2372255284219167,0.2526848621656748
용산구,보광동,1815,2315,0.12566206251947243,0.16027971059646207
용산구,서빙고동,2411,2519,0.18295644255577478,0.1911519198664441
용산구,용문동,2017,2052,0.16331983805668016,0.16615384615384615
용산구,용산2가동,1412,1720,0.13580187545082953,0.16542438086078384
용산구,원효로1동,3499,2794,0.2393542429113794,0.1911276806785922
용산구,원효로2동,1862,2051,0.12770043206913106,0.14066250600096014
용산구,이촌1동,3417,2985,0.12773593016952955,0.1115866993140315
용산구,이촌2동,1265,1472,0.14326972082224362,0.16671385695679258
용산구,이태원1동,1125,1230,0.1762356074253936,0.19268426411843032
용산구,이태원2동,1450,1465,0.16498833703134777,0.16669511293167208
용산구,청파동,3393,3698,0.173037203253691,0.18859168217864702
용산구,한강로동,4394,3258,0.2729955577645926,0.2024168245782983
용산구,한남동,3230,3394,0.16799292661361626,0.17652259842929213
용산구,효창동,1771,2312,0.19709532023816148,0.2573034333092204
용산구,후암동,2544,2689,0.14547533952823447,0.15376697641172266
은평구,갈현1동,3295,3629,0.1332901842600271,0.14680123783904048
은평구,갈현2동,4059,4333,0.13524590163934427,0.1443755831000933
은평구,구산동,4507,4187,0.1361960594705669,0.12652604859180466
은평구,녹번동,6470,4661,0.19674324550333733,0.14173419896306882
은평구,대조동,4890,5667,0.15287699498225815,0.17716849295796663
은평구,불광1동,5367,6177,0.13118721126347438,0.15098628730659236
은평구,불광2동,3948,4236,0.134452636776951,0.14426073186098387
은평구,수색동,1190,3715,0.09714682231927833,0.30327768480346134
은평구,신사1동,4446,3717,0.15907261310578008,0.13298985670584446
은평구,신사2동,3074,3070,0.14133983171640074,0.1411559152144926
은평구,역촌동,6615,7576,0.13539374712173158,0.15506319398250012
은평구,응암1동,3800,4080,0.14883575191430193,0.15980259679219788
은평구,응암2동,3032,3775,0.14685653395330814,0.18284413445703768
은평구,응암3동,3912,4133,0.15215573403862234,0.16075144396258337
은평구,증산동,2211,2703,0.13619144414672457,0.16649727432320058
은평구,진관동,6673,5860,0.12133720031638952,0.10655417261412298
종로구,가회동,592,690,0.13841477671264904,0.16132803366845921
종로구,교남동,1791,1376,0.17597641857037583,0.13520019651191353
종로구,무악동,935,1021,0.11619236982726482,0.1268795824530881
종로구,부암동,1306,1444,0.1322397731875253,0.14621304171729446
종로구,사직동,1802,1685,0.19960124058484716,0.18664155959237927
종로구,삼청동,363,431,0.13392363032650803,0.1590112525364324
종로구,숭인1동,899,1081,0.14257394338276108,0.17143763381175164
종로구,숭인2동,1944,1954,0.21114369501466276,0.21222982513305094
종로구,이화동,1452,1613,0.18482688391038696,0.20532077393075357
종로구,종로1.2.3.4가동,1641,1763,0.24345374972183073,0.26155329723314297
종로구,종로5·6가동,1019,1139,0.20086733688152966,0.22452197910506605
종로구,창신1동,726,859,0.141796875,0.1677734375
종로구,창신2동,678,1077,0.07777013076393668,0.12353750860289058
종로구,창신3동,883,1014,0.12366946778711485,0.14201680672268907
종로구,청운효자동,1588,1839,0.12436369331975879,0.14402067507244107
종로구,평창동,2576,2623,0.13915674040461334,0.14169570267131243
종로구,혜화동,2992,3189,0.1784244737312899,0.19017234182121773
중구,광희동,943,981,0.20393598615916955,0.21215397923875431
중구,다산동,1961,2278,0.13598696300405672,0.15796955722755798
중구,동화동,1453,1605,0.13352324940268334,0.14749126998713472
중구,명동,439,547,0.16581680830972614,0.20661000944287064
중구,소공동,547,545,0.28305304010349286,0.2820181112548512
중구,신당5동,1374,1515,0.14969766301683282,0.16505965026965191
중구,신당동,1565,1729,0.2075459187056561,0.22929513957960349
중구,약수동,2017,2457,0.11488622447526557,0.13994816734542762
중구,을지로동,495,409,0.3328850033624748,0.2750504371217216
중구,장충동,903,949,0.19606991640429922,0.20605797416132884
중구,중림동,2893,1606,0.24931058255773872,0.1384005515339538
중구,청구동,1871,2063,0.12971436494731003,0.1430255130338325
중구,필동,738,812,0.19380252100840337,0.21323529411764705
중구,황학동,2563,2403,0.2142528735632184,0.20087774294670846
중구,회현동,1009,974,0.2142705457634317,0.2068379698449777
중랑구,망우3동,2351,2817,0.13092022831685926,0.1568703884170959
중랑구,망우본동,4120,4761,0.1321169170581539,0.15267200051307542
중랑구,면목2동,3182,3768,0.12243170450173144,0.144978838014621
중랑구,면목3.8동,3881,4489,0.1462045582972311,0.1691090600866453
중랑구,면목4동,2561,2987,0.12676021481426486,0.14784567030465018
중랑구,면목5동,1253,1700,0.12612612612612611,0.17112084151190296
중랑구,면목7동,2960,3454,0.1354257217367434,0.1580271766482134
중랑구,면목본동,5173,5533,0.14645470888835413,0.15664680152315164
중랑구,묵1동,4654,4766,0.13036049410380662,0.13349766112994033
중랑구,묵2동,2879,3036,0.1446624626284451,0.1525513152274954
중랑구,상봉1동,3046,3421,0.12007016575674558,0.1348522774306719
중랑구,상봉2동,4209,3682,0.230838840595607,0.20193599692873007
중랑구,신내1동,4317,4598,0.10530424070934614,0.11215865155931748
중랑구,신내2동,2450,3144,0.10906824555936429,0.13996349552597606
중랑구,중화1동,3008,3272,0.14550379722343154,0.15827407729889229
중랑구,중화2동,4124,4188,0.14971320699920135,0.15203659333478545
